id,first_name,last_name,age,gender,email,country,domain
1,Teresa,Glover,52,male,Teresa.Glover@bol.com.br,Macedonia,hiphopmyway.com
2,Bramwell,Simpson,69,female,Bramwell.Simpson@hotmail.com,Guinea-Bissau,vcmedia.vn
3,Kay,Seals,62,male,Kay.Seals@laposte.net,Kazakhstan,c4tracking01.com
4,Edna,Jennings,26,male,Edna.Jennings@neuf.fr,Belarus,taptica.com
5,Kimble,Graeme,57,male,Kimble.Graeme@yahoo.co.id,Suriname,nvhrlq.cc
6,Buck,Bowers,68,female,Buck.Bowers@live.co.uk,Lesotho,cloudmark.com
7,Lana,Wilson,41,male,Lana.Wilson@yahoo.com.ar,Maldives,mobogenie.com
8,Ethan,Jacobson,79,male,Ethan.Jacobson@neuf.fr,Paraguay,echo.msk.ru
9,Cindy,Brailsford,75,female,Cindy.Brailsford@windstream.net,Latvia,feiwei.tv
10,Sylvester,Creelman,45,male,Sylvester.Creelman@yahoo.com,Cameroon,kmplayer.com
11,Hannah,Emerson,49,female,Hannah.Emerson@t-online.de,Libya,tipo777.com
12,Agnes,Curthoys,32,male,Agnes.Curthoys@bigpond.com,Somalia,videotender.com
13,Nathan,Moultrie,33,male,Nathan.Moultrie@live.nl,Denmark,emltrk.com
14,Charis,Derwin,68,male,Charis.Derwin@outlook.com,China,redditmedia.com
15,Mabel,Farlow,50,male,Mabel.Farlow@freenet.de,Malta,washtimes.com
16,Stella,Armstrong,52,male,Stella.Armstrong@neuf.fr,Morocco,sky.com
17,Sarah,Colegrove,72,male,Sarah.Colegrove@gmx.net,Malta,smartorrent.com
18,Thelma,Murgatroyd,57,female,Thelma.Murgatroyd@freenet.de,Bosnia and Herzegovina,akamaihd.net
19,Jodie,Amory,72,male,Jodie.Amory@freenet.de,Mali,24h-hotel.com
20,Owen,Headley,64,female,Owen.Headley@yahoo.es,Micronesia,whitehouse.gov
21,Hedworth,Nance,27,male,Hedworth.Nance@yandex.ru,Yemen,kissmetrics.com
22,Jenna,Childers,51,female,Jenna.Childers@att.net,Ukraine,eventbrite.com
23,Iris,Haylen,75,female,Iris.Haylen@terra.com.br,Botswana,cdndn.net
24,Mildred,Niccol,54,female,Mildred.Niccol@yahoo.de,Uganda,16mm.it
25,Nina,Reston,29,male,Nina.Reston@centurytel.net,Andorra,celtra.com
26,Paula,Simon,32,female,Paula.Simon@yandex.ru,Gabon,yammer.com
27,Harry,Hall,29,male,Harry.Hall@verizon.net,Hong Kong,snapengage.com
28,Peter,Maidment,61,male,Peter.Maidment@optonline.net,Oman,bufferapp.com
29,Chance,Goring,30,male,Chance.Goring@live.com.au,Slovenia,google.com.br
30,Maximilian,Huxtable,39,male,Maximilian.Huxtable@tiscali.co.uk,India,google.com.sa
31,Wilfred,Hayes,26,female,Wilfred.Hayes@frontiernet.net,Guatemala,sp.gov.br
32,Sebastian,Daneman,45,female,Sebastian.Daneman@skynet.be,Nepal,mmcdn.cn
33,Jayne,Horler,48,female,Jayne.Horler@hotmail.de,Iran,flic.kr
34,Joey,French,65,male,Joey.French@home.nl,Angola,qadabra.com
35,Valentine,Sibley,52,male,Valentine.Sibley@rambler.ru,Syria,kargo.com
36,Hannah,Dingley,70,male,Hannah.Dingley@sympatico.ca,Montenegro,epa.gov
37,Susanne,Fisher,43,female,Susanne.Fisher@free.fr,Vanuatu,cyveillance.com
38,Madge,Gibbs,48,male,Madge.Gibbs@windstream.net,New Zealand,payoneer.com
39,Kay,Randolph,32,female,Kay.Randolph@shaw.ca,Samoa,state.gov
40,Joey,Bancroft,47,male,Joey.Bancroft@sbcglobal.net,Peru,virustotal.com
41,Manuel,Cleland,58,female,Manuel.Cleland@yandex.ru,Guatemala,tmocce.com
42,Herbert,Hawks,58,male,Herbert.Hawks@me.com,Democratic Republic of the Congo,incommon.org
43,Erin,Harmon,28,male,Erin.Harmon@rambler.ru,Turkmenistan,ebaypartnernetwork.com
44,Alvina,Shoemaker,58,female,Alvina.Shoemaker@bellsouth.net,Guatemala,democracynow.org
45,Hero,Biggs,79,male,Hero.Biggs@sky.com,Guatemala,tripcurator.com
46,Diana,Waddington,21,female,Diana.Waddington@sympatico.ca,Timor-Leste,videoplaza.tv
47,Abraham,Hood,57,male,Abraham.Hood@voila.fr,United Kingdom,slashdotmedia.com
48,Aubrey,Abbot,64,male,Aubrey.Abbot@yahoo.co.id,Russia,itools.info
49,Christina,Trump,22,female,Christina.Trump@tiscali.it,Cuba,bluemediappc.com
50,Miles,Lamble,49,female,Miles.Lamble@chello.nl,Nepal,futurenet.com
51,Gwyneth,Orlebar,38,male,Gwyneth.Orlebar@bellsouth.net,Mauritius,lifeatexpedia.com
52,Hilda,Pemberton,41,female,Hilda.Pemberton@hotmail.it,Macau,post-gazette.com
53,Paul,MacCloud,29,female,Paul.MacCloud@yahoo.com.au,India,dlvr.it
54,Joey,Green,59,male,Joey.Green@shaw.ca,Dominica,ccc.de
55,Swaine,Asbridge,57,female,Swaine.Asbridge@hotmail.com,Germany,backupgrid.net
56,Bridget,Auger,42,female,Bridget.Auger@optusnet.com.au,Palau,oregonlive.com
57,Danna,Nicholl,59,male,Danna.Nicholl@yandex.ru,Azerbaijan,maxpointinteractive.com
58,Joey,Aarons,46,female,Joey.Aarons@yahoo.in,Chile,fnjbgcdmlfv.com
59,Anna,Heseltine,59,male,Anna.Heseltine@home.nl,Sint Maarten,komiksozler.net
60,Kathy,Constable,33,female,Kathy.Constable@rambler.ru,Samoa,tmbtzyha.net
61,Gwenda,Leavitt,24,male,Gwenda.Leavitt@hetnet.nl,Tajikistan,time.com
62,Jolie,Culver,18,male,Jolie.Culver@mail.com,Dominica,skyfire.com
63,Aviva,Bayfield,45,male,Aviva.Bayfield@windstream.net,Bolivia,contentabc.com
64,Leanne,Hayes,48,male,Leanne.Hayes@optusnet.com.au,Niger,yelp.no
65,Vilma,Misselbrook,26,female,Vilma.Misselbrook@live.fr,Saudi Arabia,appleiphonecell.com
66,Lorna,Whidden,69,female,Lorna.Whidden@frontiernet.net,Republic of the Congo,mxcdn.net
67,Lila,Booze,26,male,Lila.Booze@yahoo.ca,Malta,rlcdn.com
68,Medea,Hartnoll,31,female,Medea.Hartnoll@ymail.com,Lesotho,r10.io
69,Celinda,Peters,76,female,Celinda.Peters@yahoo.it,Solomon Islands,realclearhistory.com
70,Ralph,Gunn,27,female,Ralph.Gunn@blueyonder.co.uk,Cyprus,theknot.com
71,Jonathan,Franks,59,male,Jonathan.Franks@yahoo.com.sg,Solomon Islands,udemy.com
72,Viola,Newbold,48,male,Viola.Newbold@centurytel.net,United Arab Emirates,eehnrwsg.biz
73,Chet,Longfield,46,male,Chet.Longfield@live.it,Nicaragua,verisign.com
74,Timothy,Graeme,23,male,Timothy.Graeme@yahoo.co.id,Ghana,quickheal.com
75,Harper,Barnet,49,male,Harper.Barnet@ig.com.br,Vanuatu,octrocdn.com
76,Richie,Tonra,42,female,Richie.Tonra@live.it,Iceland,livemixtapes.com
77,Jacqueline,Benton,23,female,Jacqueline.Benton@centurytel.net,Dominican Republic,pornorama.com
78,Jessica,Lincecum,32,female,Jessica.Lincecum@comcast.net,Tanzania,varzesh3.com
79,Helen,Lawrenson,49,female,Helen.Lawrenson@mail.com,Holy See,bigtorrent.org
80,Dorothy,Baskerville,78,male,Dorothy.Baskerville@live.com.au,Croatia,cymera.com
81,Jaime,Goodheart,39,male,Jaime.Goodheart@windstream.net,Chad,redirectingat.com
82,Gertrude,Seacole,50,female,Gertrude.Seacole@yandex.ru,Switzerland,safarishop.com.br
83,Jonathan,Goring,25,male,Jonathan.Goring@live.ca,Nauru,twenga.it
84,Herman,Sugrue,71,female,Herman.Sugrue@t-online.de,Libya,xuvkaipwcdb.cc
85,Gerard,Eaton,36,female,Gerard.Eaton@bluewin.ch,Macau,zillow.com
86,Nicola,Chalmers,79,female,Nicola.Chalmers@terra.com.br,Tajikistan,com2us.net
87,Lucy,Dickons,49,male,Lucy.Dickons@googlemail.com,Syria,acmepackingcompany.com
88,Russell,Brayton,53,male,Russell.Brayton@yahoo.com.mx,Micronesia,2345.com
89,Lucy,Headley,66,male,Lucy.Headley@optusnet.com.au,Barbados,leanplum.com
90,Agnes,Billman,79,male,Agnes.Billman@live.com,Madagascar,nzuxayxvb.biz
91,Isabella,Thruston,51,female,Isabella.Thruston@yahoo.ca,Netherlands,muscache.com
92,Linda,Zeal,70,male,Linda.Zeal@libero.it,Republic of the Congo,colts.com
93,Neil,Spiering,26,male,Neil.Spiering@tiscali.co.uk,Albania,onthemedia.org
94,Averil,Purves,67,male,Averil.Purves@sympatico.ca,Niger,instair.net
95,Maud,Shapcott,75,female,Maud.Shapcott@libero.it,Macau,fb.com
96,Satyana,Donovan,46,male,Satyana.Donovan@sky.com,Maldives,yelp.co.nz
97,Colette,Atkin,39,female,Colette.Atkin@aliceadsl.fr,Rwanda,mkt51.net
98,Sibyl,Richard,24,female,Sibyl.Richard@verizon.net,Poland,gadgets-buy.net
99,Elektra,Harvie,40,female,Elektra.Harvie@cox.net,Niger,eba.gov.tr
100,Cecilia,Brandis,49,male,Cecilia.Brandis@sbcglobal.net,Lebanon,audioadcenter.com
101,Arthur,Bramble,57,female,Arthur.Bramble@laposte.net,Netherlands,vzw.net
102,Paul,Milnes,45,female,Paul.Milnes@hotmail.de,Micronesia,craveonline.com
103,Selma,Daw,39,male,Selma.Daw@uol.com.br,Micronesia,aolcdn.com
104,Pete,Poland,36,male,Pete.Poland@juno.com,Syria,kiosked.com
105,Kim,Duddridge,27,female,Kim.Duddridge@tiscali.co.uk,Nicaragua,healthforself.com
106,Vincent,Bragg,35,male,Vincent.Bragg@tin.it,South Africa,adsymptotic.com
107,Rufus,Hawkins,36,male,Rufus.Hawkins@yahoo.it,Palau,mirror-image.net
108,Kristin,Henson,19,male,Kristin.Henson@telenet.be,North Korea,cdnads.com
109,Loretta,Curren,67,male,Loretta.Curren@me.com,Dominican Republic,gmtdmp.com
110,Adele,Brooks,37,male,Adele.Brooks@alice.it,Saint Vincent and the Grenadines,keen.io
111,Gerard,Joplin,48,female,Gerard.Joplin@yahoo.ca,Kenya,gmx.net
112,Kim,Stephens,51,female,Kim.Stephens@sfr.fr,Madagascar,lkgtos.biz
113,Hervey,Laws,76,female,Hervey.Laws@optusnet.com.au,Uruguay,wnba.com
114,Precious,Holcomb,37,female,Precious.Holcomb@gmail.com,United Kingdom,geoplugin.net
115,Gwendoline,Bloomer,52,male,Gwendoline.Bloomer@aol.com,Curacao,list.ru
116,Jesse,Hawkyard,40,male,Jesse.Hawkyard@uol.com.br,Italy,tbcache.com
117,Susanne,Westmoreland,51,female,Susanne.Westmoreland@optusnet.com.au,Brazil,teamviewer.com
118,Dobie,Baxendale,71,female,Dobie.Baxendale@comcast.net,Pakistan,uetcfrdm.info
119,Lester,Maidment,29,male,Lester.Maidment@hotmail.co.uk,Bangladesh,brandreachsys.com
120,Claude,MacCawley,74,male,Claude.MacCawley@cox.net,Colombia,ddnebnwogv.info
121,Rhoda,Broomfield,28,female,Rhoda.Broomfield@gmx.net,Sint Maarten,archive.is
122,Fleur,Hayward,78,male,Fleur.Hayward@bol.com.br,Colombia,research.net
123,Maud,Clapton,65,male,Maud.Clapton@qq.com,Nicaragua,itaringa.net
124,Alisha,Bagshaw,66,male,Alisha.Bagshaw@yahoo.co.uk,United Arab Emirates,cedexis.com
125,Charity,Cracroft,70,female,Charity.Cracroft@yahoo.co.id,Cambodia,reviewjournal.com
126,Kay,Hepburn,23,male,Kay.Hepburn@libero.it,Nauru,etahub.com
127,Kay,Hayward,26,female,Kay.Hayward@aliceadsl.fr,Colombia,usc.edu
128,Maria,Akehurst,42,female,Maria.Akehurst@alice.it,Rwanda,bn.tl
129,Charis,Livingston,47,male,Charis.Livingston@ig.com.br,Nigeria,redvertisment.com
130,Clementine,Hembree,18,male,Clementine.Hembree@mac.com,Yemen,theweathernetwork.com
131,Patty,Hackman,66,female,Patty.Hackman@live.com.au,Malawi,microad-cn.com
132,Alec,Levett,28,female,Alec.Levett@aol.com,Panama,trw12.com
133,Joanna,Whitworth,34,male,Joanna.Whitworth@zonnet.nl,Malawi,clocklink.com
134,Rita,Robertshaw,52,female,Rita.Robertshaw@ntlworld.com,Finland,k-12techdecisions.com
135,Tate,Ambler,48,male,Tate.Ambler@yandex.ru,Poland,sfglobe.com
136,Leisha,Fletcher,56,female,Leisha.Fletcher@live.com,Bhutan,starfieldtech.com
137,Nowell,Finch,37,male,Nowell.Finch@bluewin.ch,Poland,google.rs
138,Jeb,Whittaker,48,female,Jeb.Whittaker@hotmail.fr,Lebanon,oyunasi.com
139,Hilda,Ingersoll,59,male,Hilda.Ingersoll@orange.fr,Ecuador,51fanli.com
140,Louisa,Cruddas,23,female,Louisa.Cruddas@aliceadsl.fr,Sao Tome and Principe,vozforums.com
141,Jacqueline,Emerson,39,female,Jacqueline.Emerson@neuf.fr,Tuvalu,fastly.net
142,Carlene,Berker,30,female,Carlene.Berker@hotmail.com,Bahrain,mapticket.net
143,Herman,Treweek,59,male,Herman.Treweek@live.com,Ecuador,fypmh.cn
144,Mandy,Hawks,35,male,Mandy.Hawks@telenet.be,Maldives,lazada.vn
145,Daisy,Voyle,61,male,Daisy.Voyle@live.fr,Jamaica,txmblr.com
146,Tina,Martin,70,female,Tina.Martin@aim.com,Panama,vzw.com
147,Nicholas,Shorrock,59,male,Nicholas.Shorrock@skynet.be,Curacao,deezer.com
148,Celinda,Martin,41,female,Celinda.Martin@bluewin.ch,Brunei,allocine.fr
149,Rob,Peverett,35,male,Rob.Peverett@rediffmail.com,Venezuela,foodonthetable.com
150,Honor,Cox,76,male,Honor.Cox@live.co.uk,Bosnia and Herzegovina,apps.fm
151,Delia,Wheelwright,20,male,Delia.Wheelwright@yahoo.es,Saint Kitts and Nevis,legolas-media.com
152,Marie,Hadfield,43,female,Marie.Hadfield@charter.net,Hungary,playtika.com
153,Donna,Peterson,37,male,Donna.Peterson@chello.nl,Antigua and Barbuda,tmzstore.com
154,Malachi,Abbot,27,female,Malachi.Abbot@sky.com,Iceland,hp.com
155,Tammy,Stanley,59,male,Tammy.Stanley@rambler.ru,Bosnia and Herzegovina,dealer.com
156,Carol,Beeby,35,male,Carol.Beeby@yahoo.co.id,Sao Tome and Principe,nwacmz.cn
157,Justin,Jonas,57,male,Justin.Jonas@chello.nl,Canada,cityads.ru
158,Jasper,Baynton,41,male,Jasper.Baynton@mail.com,Cote d'Ivoire,jimdo.com
159,Jermaine,Barry,34,male,Jermaine.Barry@googlemail.com,Bahrain,undertone.com
160,Janie,Blackett,44,male,Janie.Blackett@yahoo.ca,Rwanda,yuq.me
161,Lawrence,Wood,61,male,Lawrence.Wood@live.ca,Belgium,hswstatic.com
162,Emil,Coburn,44,female,Emil.Coburn@web.de,Germany,sezgisel.com
163,Jacqui,Thomson,52,female,Jacqui.Thomson@ymail.com,Djibouti,socialvi.be
164,Rory,Dowding,42,female,Rory.Dowding@tiscali.co.uk,Monaco,evernote.com
165,Donald,Christie,58,female,Donald.Christie@aliceadsl.fr,Russia,marktplaats.nl
166,Colleen,Tuson,37,female,Colleen.Tuson@hotmail.de,Maldives,imdbws.com
167,Kian,Greenwood,69,male,Kian.Greenwood@rambler.ru,Pakistan,puxue.com
168,Rodney,Adkins,70,female,Rodney.Adkins@yahoo.it,Ukraine,jwpltx.com
169,Alfred,Sharpe,71,male,Alfred.Sharpe@libero.it,Estonia,storm8.com
170,Edwin,Hall,33,male,Edwin.Hall@orange.fr,Fiji,icd9data.com
171,Adel,Coldwell,34,female,Adel.Coldwell@qq.com,New Zealand,stagram.com
172,Gwyneth,Holder,33,male,Gwyneth.Holder@juno.com,Somalia,petuniasaucecockup.com
173,Pearl,Hodgkinson,33,male,Pearl.Hodgkinson@sympatico.ca,Bahrain,mniku.com
174,Brandy,Nettles,58,female,Brandy.Nettles@centurytel.net,Georgia,walmartstores.com
175,Isla,Bramble,50,female,Isla.Bramble@live.co.uk,Haiti,huffson.com
176,Melanie,Hawkyard,62,female,Melanie.Hawkyard@free.fr,Cabo Verde,wp.me
177,Cuthbert,Berker,39,male,Cuthbert.Berker@hotmail.co.uk,Cabo Verde,msdn.com
178,Donald,Ingersoll,39,female,Donald.Ingersoll@msn.com,Kuwait,rkdms.com
179,Thaddeus,Wattis,58,male,Thaddeus.Wattis@yahoo.co.uk,Sweden,tns-counter.ru
180,Wilfried,Bence,63,male,Wilfried.Bence@sky.com,Cote d'Ivoire,extensionanalytics.net
181,Vincent,Lineker,66,female,Vincent.Lineker@terra.com.br,Liberia,public-trust.com
182,Carlton,Dean,61,male,Carlton.Dean@aliceadsl.fr,Tanzania,bj.com.br
183,Marshall,Jowett,61,male,Marshall.Jowett@rambler.ru,Vanuatu,bizlive.vn
184,Donald,Bruce,51,female,Donald.Bruce@windstream.net,Belarus,integral.com
185,Yvette,Robinson,47,female,Yvette.Robinson@virgilio.it,Mozambique,backupgrid.net
186,Sophia,Atkinson,49,female,Sophia.Atkinson@yahoo.co.jp,Mongolia,msdn.com
187,Terence,Priest,46,male,Terence.Priest@yahoo.com.br,Samoa,pdfforge.org
188,Genevieve,Lincecum,71,male,Genevieve.Lincecum@bol.com.br,South Sudan,siteadvisor.com
189,Keith,Wilson,58,female,Keith.Wilson@yahoo.co.jp,Mongolia,dallascowboys.com
190,Jacqui,Beck,69,female,Jacqui.Beck@mail.ru,Haiti,almesryoon.com
191,Austen,Rudner,42,female,Austen.Rudner@sbcglobal.net,Burma,vistaprint.com
192,Kimble,Watkinson,75,male,Kimble.Watkinson@yahoo.com.sg,Botswana,realharborredirect.com
193,Yvonne,Quimby,47,male,Yvonne.Quimby@hotmail.es,France,pub1.us
194,Rita,Mitchell,42,female,Rita.Mitchell@yahoo.in,Uruguay,alljsscript.com
195,Laurence,Ultan,32,male,Laurence.Ultan@yahoo.com.mx,Lithuania,s2d6.com
196,Mildred,Akroyd,31,female,Mildred.Akroyd@yahoo.com.ar,Morocco,meteomedia.com
197,Miles,Williamson,19,female,Miles.Williamson@tin.it,Malta,samsungdm.com
198,Persis,Palmer,61,male,Persis.Palmer@club-internet.fr,Algeria,fb.com
199,Luther,Round,24,female,Luther.Round@orange.fr,Finland,springboardvideo.com
200,Wilfred,Byrd,70,female,Wilfred.Byrd@aim.com,Maldives,flipkart.net
201,Karina,Engleman,49,male,Karina.Engleman@live.com.au,Paraguay,adocean.pl
202,Peter,Ravenscroft,22,female,Peter.Ravenscroft@planet.nl,Maldives,socialnewsdesk.com
203,Jodie,Basford,37,male,Jodie.Basford@yahoo.com.ar,Argentina,mobisla.com
204,Jacqui,Nicholls,43,female,Jacqui.Nicholls@aliceadsl.fr,Argentina,cbsi.com
205,Alison,Swanston,66,male,Alison.Swanston@aliceadsl.fr,Luxembourg,macysinc.com
206,Pearl,Dowson,37,female,Pearl.Dowson@zonnet.nl,Bahrain,qwghivalvbb.ws
207,Judith,Eggington,75,female,Judith.Eggington@sfr.fr,Uzbekistan,amxdt.com
208,Ezekiel,Reilley,59,female,Ezekiel.Reilley@arcor.de,Albania,expediainc.com
209,Vicary,Kinchen,18,female,Vicary.Kinchen@msn.com,Montenegro,xatech.com
210,Bertram,Dowden,33,male,Bertram.Dowden@yahoo.fr,South Africa,tmocache.com
211,Jan,Collins,33,male,Jan.Collins@web.de,Paraguay,cnt.my
212,Malcolm,Donovan,39,male,Malcolm.Donovan@voila.fr,Tuvalu,eonli.ne
213,Shahaf,Youngman,65,female,Shahaf.Youngman@club-internet.fr,Ecuador,images-amazon.com
214,Jason,Newbold,50,female,Jason.Newbold@optonline.net,Uzbekistan,srvstatsdata.com
215,Austen,Monroe,41,male,Austen.Monroe@juno.com,Laos,fotokritik.com
216,Arda,Carleton,41,male,Arda.Carleton@live.ca,Palestinian Territories,shopper-pro.com
217,Giselle,King,74,male,Giselle.King@yahoo.co.jp,Sint Maarten,quicktransmit.com
218,Marjorie,Aitchison,55,female,Marjorie.Aitchison@optusnet.com.au,Tajikistan,comicbook.com
219,Doug,Hackett,19,male,Doug.Hackett@virgilio.it,Tunisia,rj.gov.br
220,Petunia,Atkin,74,male,Petunia.Atkin@bigpond.net.au,Niger,pswec.com
221,Iona,Gundy,19,male,Iona.Gundy@live.com.au,Brazil,kxwloaxw.com
222,Joan,Rawling,31,female,Joan.Rawling@telenet.be,Cyprus,gr.pn
223,Carol,Spittle,56,male,Carol.Spittle@optonline.net,Tuvalu,tinypic.com
224,Vicary,Westmoreland,20,female,Vicary.Westmoreland@uol.com.br,China,googlevideo.com
225,Zack,Eagleman,33,female,Zack.Eagleman@tiscali.co.uk,Monaco,gamebaby.net
226,Irene,Renshaw,69,female,Irene.Renshaw@hotmail.co.uk,Fiji,assineglobo.com.br
227,Alberta,Aleshire,18,female,Alberta.Aleshire@yahoo.com.br,Palau,privatehomeclips.com
228,Patsy,Stuckey,50,male,Patsy.Stuckey@rediffmail.com,Peru,yunos.com
229,Erika,Hawksley,30,female,Erika.Hawksley@chello.nl,Saint Vincent and the Grenadines,alipay.com
230,Derrick,Halsey,29,male,Derrick.Halsey@comcast.net,Romania,blogspot.de
231,Lawrence,Crier,33,female,Lawrence.Crier@skynet.be,Nicaragua,visadd.com
232,Janee,Beacham,24,female,Janee.Beacham@att.net,Qatar,netmining.com
233,Jeff,Hardy,74,male,Jeff.Hardy@ymail.com,Saint Kitts and Nevis,oley.com
234,Andrea,Worrell,70,male,Andrea.Worrell@voila.fr,Turkey,gamesir.com
235,Charlie,Eagle,31,female,Charlie.Eagle@facebook.com,Saint Vincent and the Grenadines,more-results.net
236,Ben,Hardwick,45,male,Ben.Hardwick@yahoo.com,United Arab Emirates,mercent.com
237,Timmy,Woodcock,25,female,Timmy.Woodcock@outlook.com,Laos,nginx.org
238,Mercedes,Bartholomew,29,female,Mercedes.Bartholomew@live.nl,Armenia,potterybarnkids.com
239,Lara,Haythornthwaite,35,male,Lara.Haythornthwaite@sfr.fr,Finland,technologytell.com
240,Toby,Knott,57,male,Toby.Knott@sky.com,Saint Vincent and the Grenadines,softwareprojects.com
241,Ezekiel,Whiteway,44,female,Ezekiel.Whiteway@googlemail.com,Venezuela,wipmania.com
242,Hilda,Hardwick,49,female,Hilda.Hardwick@mac.com,South Korea,theglobeandmail.com
243,Janee,Cox,68,male,Janee.Cox@neuf.fr,New Zealand,quikdisplay.com
244,Vince,Elwes,77,female,Vince.Elwes@att.net,Burkina Faso,strcst.net
245,Deborah,Jetton,18,male,Deborah.Jetton@alice.it,Costa Rica,cpaptimes.com
246,Michele,Hayden,20,female,Michele.Hayden@virgilio.it,Malaysia,anonym.to
247,Henry,Frith,40,male,Henry.Frith@rambler.ru,Burkina Faso,houstonchronicle.com
248,Jasper,Pancake,34,female,Jasper.Pancake@yahoo.com,Saint Lucia,technet.com
249,Patsy,Marsh,18,female,Patsy.Marsh@bellsouth.net,South Korea,4399.com
250,Earl,Bishop,69,male,Earl.Bishop@ig.com.br,Bhutan,flux.com
251,Sabrina,Seedsman,45,male,Sabrina.Seedsman@yandex.ru,Sao Tome and Principe,safarishop.com.br
252,Jemma,Gofton,24,female,Jemma.Gofton@live.co.uk,San Marino,mega.co.nz
253,Jack,Braff,78,male,Jack.Braff@shaw.ca,Albania,demandbase.com
254,Stephen,Watt,64,male,Stephen.Watt@live.nl,Canada,phunutoday.vn
255,Floyd,Noakes,32,male,Floyd.Noakes@yahoo.co.jp,Botswana,ionicframework.com
256,Mabel,Cosgrove,52,male,Mabel.Cosgrove@planet.nl,Uzbekistan,teamskeetimages.com
257,Aviva,Bomford,28,male,Aviva.Bomford@cox.net,Colombia,craigslist.be
258,Charmaine,Aleshire,76,female,Charmaine.Aleshire@me.com,Iraq,pnas.org
259,Betty,Clarkson,60,male,Betty.Clarkson@orange.fr,Swaziland,iesnare.com
260,Jacqueline,Blinkhorn,32,female,Jacqueline.Blinkhorn@live.ca,Panama,uniblue.com
261,Susan,Culverhouse,49,female,Susan.Culverhouse@club-internet.fr,Armenia,about.me
262,Carmelita,Axtell,58,male,Carmelita.Axtell@windstream.net,Latvia,myfonts.net
263,Franklin,Baynton,33,male,Franklin.Baynton@hetnet.nl,Serbia,hurriyet.com.tr
264,Oswald,Coffin,45,male,Oswald.Coffin@bigpond.net.au,Chile,swebdpjs.info
265,Clay,Podmore,68,female,Clay.Podmore@optusnet.com.au,Cabo Verde,socialpointgames.com
266,Tracy,Christie,54,male,Tracy.Christie@yahoo.it,Nepal,un.org
267,Palmer,Hoffman,29,male,Palmer.Hoffman@hotmail.fr,Greece,getaviate.com
268,Shahaf,Crutcher,74,female,Shahaf.Crutcher@mac.com,Angola,edmunds.com
269,Clara,Burns,53,male,Clara.Burns@optonline.net,Jordan,tamindir.com
270,Nate,Staunton,32,female,Nate.Staunton@yahoo.co.id,Mongolia,eanalyzer.de
271,Minnie,Bedford,33,male,Minnie.Bedford@earthlink.net,Sierra Leone,cafemom.com
272,Jim,Brickman,51,female,Jim.Brickman@orange.fr,Rwanda,ipredictive.com
273,Maximilian,Wilkie,37,female,Maximilian.Wilkie@yahoo.co.uk,Bulgaria,healthforself.com
274,Agnes,Bayer,63,male,Agnes.Bayer@freenet.de,Iceland,talk4free.com
275,Pete,Afford,45,female,Pete.Afford@hetnet.nl,United Kingdom,icontact.com
276,Manuel,Allitt,62,male,Manuel.Allitt@yahoo.co.jp,Liechtenstein,startappexchange.com
277,Holly,Lucy,18,female,Holly.Lucy@yandex.ru,Grenada,esquire.com
278,Drusilla,Stanfield,25,female,Drusilla.Stanfield@zonnet.nl,Nigeria,buzzle.com
279,Earl,Dunham,22,male,Earl.Dunham@yahoo.co.uk,Azerbaijan,kiwiirc.com
280,Marjorie,Whiteway,37,male,Marjorie.Whiteway@rambler.ru,Marshall Islands,weborama.fr
281,Blake,Rayner,56,female,Blake.Rayner@charter.net,Mali,s8.com.br
282,Hank,Blair,25,female,Hank.Blair@earthlink.net,Guyana,allegro.pl
283,Jerome,Barber,66,female,Jerome.Barber@yahoo.co.id,Russia,tripadvisor.it
284,Archibald,Bowers,20,female,Archibald.Bowers@tiscali.it,Switzerland,idealo.de
285,Arlo,Virgo,35,female,Arlo.Virgo@yahoo.co.jp,Laos,dailysabah.com
286,Sarah,Watts,22,male,Sarah.Watts@sympatico.ca,Tajikistan,nih.gov
287,Belinda,Thompson,76,male,Belinda.Thompson@facebook.com,Syria,bayfiles.net
288,Mandy,Virgo,29,female,Mandy.Virgo@hotmail.fr,Moldova,fastserv.com
289,Clarissa,Malghum,39,male,Clarissa.Malghum@voila.fr,Dominican Republic,dallascowboys.com
290,May,Cherrill,65,female,May.Cherrill@outlook.com,Romania,reali.st
291,Poppy,Byers,19,male,Poppy.Byers@ymail.com,Thailand,clickdesk.com
292,Jeremy,Pappin,61,female,Jeremy.Pappin@aim.com,Palau,xg4ken.com
293,Miranda,Lennon,44,female,Miranda.Lennon@live.com.au,Bulgaria,turkcell.com.tr
294,Michelle,Gilbert,23,male,Michelle.Gilbert@orange.fr,Indonesia,elance.com
295,Jeff,Purves,60,male,Jeff.Purves@voila.fr,Peru,c3tag.com
296,Joey,Burns,22,male,Joey.Burns@windstream.net,North Korea,a10.com
297,Brooks,Dobb,66,male,Brooks.Dobb@live.com.au,Iceland,aggeliopolis.gr
298,Lorna,Shalders,69,female,Lorna.Shalders@blueyonder.co.uk,Saint Lucia,neemu.com
299,Dorothy,Noakes,29,female,Dorothy.Noakes@hotmail.it,Fiji,ilivid.com
300,Laurence,England,30,male,Laurence.England@zonnet.nl,Afghanistan,aim.net
301,Abigail,Aykroyd,43,male,Abigail.Aykroyd@facebook.com,Mauritania,developmaster.in
302,Janee,Shown,52,male,Janee.Shown@yahoo.co.in,North Korea,glancecdn.net
303,Peter,Skeete,36,male,Peter.Skeete@freenet.de,Estonia,toshiba.com
304,Joey,Alexander,31,male,Joey.Alexander@hotmail.de,Oman,wikia.com
305,Terence,McCann,45,female,Terence.McCann@bluewin.ch,Democratic Republic of the Congo,predictormedia.com
306,Amanda,Nettlefold,57,male,Amanda.Nettlefold@telenet.be,Thailand,megaoferta.net
307,Nowell,Maddux,58,male,Nowell.Maddux@aol.com,Fiji,arginfo.com
308,Simone,Wheatley,60,female,Simone.Wheatley@yahoo.co.id,Venezuela,line-apps.com
309,Esther,Bowers,48,female,Esther.Bowers@yahoo.co.in,United Arab Emirates,amung.us
310,Simon,Qualls,20,female,Simon.Qualls@bol.com.br,Iran,bangkokpost.com
311,Delbert,Hatfield,40,female,Delbert.Hatfield@zonnet.nl,Republic of the Congo,ptreklam.com.tr
312,Jim,Hawks,48,female,Jim.Hawks@frontiernet.net,San Marino,napster.com
313,Ernest,Paige,34,female,Ernest.Paige@aim.com,Cambodia,ywxi.net
314,Samuel,Applegate,64,male,Samuel.Applegate@uol.com.br,Tajikistan,ft.com
315,April,Little,43,male,April.Little@yahoo.co.id,Vanuatu,onclickads.net
316,Yvonne,Saxon,60,female,Yvonne.Saxon@t-online.de,Yemen,samsclub.com
317,April,Seymour,59,female,April.Seymour@live.co.uk,Azerbaijan,pow7.com
318,Jan,Gawley,24,female,Jan.Gawley@qq.com,Saint Vincent and the Grenadines,sitescoutadserver.com
319,Grant,Blythe,34,male,Grant.Blythe@yahoo.com.sg,Cyprus,newsinc.com
320,Jodie,Haseltine,76,male,Jodie.Haseltine@bigpond.net.au,Malawi,guvenliinternet.org
321,Marilyn,Emerson,70,female,Marilyn.Emerson@chello.nl,Swaziland,cnnturk.com
322,Miranda,Hovenden,37,female,Miranda.Hovenden@facebook.com,Costa Rica,ewebse.com
323,Precious,Gilbert,22,male,Precious.Gilbert@bol.com.br,Eritrea,newegg.com
324,Cherry,Mitchell,30,male,Cherry.Mitchell@hotmail.co.uk,Switzerland,srds.com
325,Jess,Cortright,19,female,Jess.Cortright@yahoo.es,Ethiopia,walmartcontacts.com
326,Cecily,Benedict,68,male,Cecily.Benedict@yahoo.co.in,Iceland,urekamedia.com
327,Tristan,Deeks,67,male,Tristan.Deeks@rediffmail.com,North Korea,timberland.com
328,Elektra,Blythe,31,female,Elektra.Blythe@gmx.de,Eritrea,afip.gob.ar
329,Christabel,Allred,18,male,Christabel.Allred@libero.it,The Gambia,123phim.vn
330,Ana,Levett,38,male,Ana.Levett@orange.fr,Latvia,salemwebnetwork.com
331,Kenneth,Wheeler,78,female,Kenneth.Wheeler@verizon.net,Curacao,bluekai.com
332,Arda,Coburn,71,male,Arda.Coburn@bol.com.br,Palau,flagcounter.com
333,Cliff,Trump,77,female,Cliff.Trump@sbcglobal.net,Jordan,sesamestats.com
334,Nicolas,Parrott,50,male,Nicolas.Parrott@rediffmail.com,South Korea,comicbookmovie.com
335,Frank,Purdon,23,male,Frank.Purdon@orange.fr,Zimbabwe,mediander.com
336,Karen,Kent,44,male,Karen.Kent@qq.com,Qatar,yimg.jp
337,Travis,Altman,75,male,Travis.Altman@yahoo.co.id,Finland,centos.org
338,Dulcie,Douch,46,male,Dulcie.Douch@yahoo.de,South Korea,meetmecdna.com
339,Marshall,Tuckman,36,female,Marshall.Tuckman@centurytel.net,Algeria,iasds01.com
340,Melissa,Jetton,29,male,Melissa.Jetton@shaw.ca,Swaziland,torrentsmd.com
341,Kristin,Eakins,24,male,Kristin.Eakins@hotmail.it,Bolivia,tqetpiijm.net
342,George,Greenbury,34,female,George.Greenbury@sfr.fr,Serbia,maxpreps.com
343,Maya,Ravenshaw,47,male,Maya.Ravenshaw@aim.com,Malawi,dianomi.com
344,Ernest,Axton,54,female,Ernest.Axton@web.de,Madagascar,d3head.com
345,Osbert,Ainslie,61,male,Osbert.Ainslie@earthlink.net,Poland,epi.com.vn
346,Christy,Stansfield,49,male,Christy.Stansfield@wanadoo.fr,Colombia,pacsun.com
347,Toby,Qualls,70,male,Toby.Qualls@live.it,Costa Rica,2345.com
348,Kimble,Alabaster,78,female,Kimble.Alabaster@juno.com,Vietnam,hardsextube.com
349,Sarah,Bragg,55,male,Sarah.Bragg@hotmail.fr,Kazakhstan,trckng.net
350,Thaddeus,Whittington,29,female,Thaddeus.Whittington@yahoo.co.id,Nauru,climatempo.com.br
351,Tina,Elwes,57,male,Tina.Elwes@verizon.net,Iran,fduqkswpbx.org
352,Erin,Bottomley,30,female,Erin.Bottomley@verizon.net,Botswana,24h.com.vn
353,Cuthbert,Asbridge,39,female,Cuthbert.Asbridge@mac.com,Brunei,imore.com
354,Kirsten,Fowler,61,male,Kirsten.Fowler@yahoo.ca,Cambodia,valeculturacaixa.com.br
355,Clay,Brown,52,male,Clay.Brown@sfr.fr,Fiji,qmfcjsyjpvg.ws
356,Lorraine,Pancake,54,male,Lorraine.Pancake@sfr.fr,Madagascar,sozcu.com.tr
357,Kenny,Brinkley,24,male,Kenny.Brinkley@me.com,Rwanda,rebelmouse.com
358,Bertha,Watts,53,female,Bertha.Watts@chello.nl,Canada,nextag.com
359,Noel,MacAuley,47,male,Noel.MacAuley@bigpond.net.au,China,cam4bucks.com
360,Colleen,McKeown,25,female,Colleen.McKeown@ig.com.br,Ethiopia,sanoma.fi
361,Graham,Tanner,57,female,Graham.Tanner@sky.com,Madagascar,dtvce.com
362,Christian,Blackmon,43,female,Christian.Blackmon@skynet.be,Saint Kitts and Nevis,blldnoxvi.ws
363,Anna,Randall,56,male,Anna.Randall@home.nl,Guyana,evitecdn.com
364,Penelope,Shepherd,37,female,Penelope.Shepherd@sbcglobal.net,Syria,ixigo.com
365,Denise,Brinkley,24,male,Denise.Brinkley@zonnet.nl,Costa Rica,arfuxfliw.net
366,Suzanne,Clopton,52,male,Suzanne.Clopton@laposte.net,Germany,goviral-content.com
367,Mavis,Young,56,male,Mavis.Young@yahoo.com.sg,Togo,fastcocreate.com
368,Raife,Anderson,45,male,Raife.Anderson@cox.net,Uruguay,pornhubpremium.com
369,Jacob,Sheridan,26,male,Jacob.Sheridan@rocketmail.com,Tunisia,boo-box.com
370,Malcolm,Eakins,61,male,Malcolm.Eakins@aim.com,South Korea,formstack.com
371,Carol,Batchelor,76,male,Carol.Batchelor@hotmail.it,Panama,audible.co.uk
372,Philippa,Wilde,27,male,Philippa.Wilde@tiscali.it,Somalia,youm7.com
373,Yasmin,Cheatham,78,female,Yasmin.Cheatham@laposte.net,Moldova,webtrackerplus.com
374,Jaime,Armitstead,52,female,Jaime.Armitstead@yahoo.com.br,Uganda,meterserver.vn
375,Cliff,Atlee,27,female,Cliff.Atlee@telenet.be,Australia,openstreetmap.org
376,Stella,Booze,58,male,Stella.Booze@facebook.com,South Korea,txcdn.cn
377,Dwight,Ultan,29,female,Dwight.Ultan@bigpond.com,Samoa,nitropdf.com
378,Joseph,Cotton,74,female,Joseph.Cotton@yahoo.de,Mauritania,runadtag.com
379,Neil,Spooner,19,female,Neil.Spooner@gmx.net,Hong Kong,rnengage.com
380,Patsy,Yeager,42,female,Patsy.Yeager@aliceadsl.fr,Zimbabwe,medyanetads.com
381,Joel,Marchbank,68,male,Joel.Marchbank@yahoo.ca,Iraq,amplitude.com
382,Gwendolen,Harrelson,21,male,Gwendolen.Harrelson@orange.fr,Saudi Arabia,accweopv.info
383,Kathleen,Hustler,75,female,Kathleen.Hustler@aliceadsl.fr,Czechia,itar-tass.com
384,Gregory,Kyle,63,female,Gregory.Kyle@yahoo.fr,Palau,dmm.com
385,Ricky,O'Dell,51,male,Ricky.O'Dell@mac.com,Suriname,carfax.com
386,Rory,Johnston,25,male,Rory.Johnston@laposte.net,Bahrain,nike.com
387,Lilla,Windley,45,male,Lilla.Windley@sympatico.ca,Papua New Guinea,ya.ru
388,Edgar,Spiering,23,male,Edgar.Spiering@windstream.net,Mexico,bounceexchange.com
389,Horace,Crossan,29,male,Horace.Crossan@bol.com.br,The Bahamas,kissmetrics.com
390,Michelle,Palmerston,24,male,Michelle.Palmerston@live.co.uk,Vanuatu,force.com
391,Swaine,McCann,54,female,Swaine.McCann@t-online.de,Argentina,entrepreneur.com
392,Winnifred,Clibburn,52,male,Winnifred.Clibburn@bigpond.net.au,Central African Republic,px10.net
393,Brandy,Catchpole,36,female,Brandy.Catchpole@hotmail.de,Macau,pplive.com
394,Jane,Watson,61,male,Jane.Watson@wanadoo.fr,Thailand,mobidea.com
395,Barnabe,Cleverly,72,male,Barnabe.Cleverly@charter.net,Liberia,best-tv.com
396,Raife,Trout,58,male,Raife.Trout@laposte.net,Jordan,genericlink.com
397,Heidi,Swinburne,28,female,Heidi.Swinburne@yahoo.com.ar,Bulgaria,vdna-assets.com
398,Clint,Falconer,70,female,Clint.Falconer@yahoo.co.in,Fiji,lostwaldo.com
399,Jeffrey,Curren,22,female,Jeffrey.Curren@yahoo.com,Sao Tome and Principe,infolinks.com
400,Kay,Mackenzie,29,male,Kay.Mackenzie@yahoo.com,Micronesia,ione.net
401,Jan,Robson,75,male,Jan.Robson@live.it,Qatar,newrelic.com
402,Ultan,Mursell,58,male,Ultan.Mursell@yahoo.com.mx,Seychelles,picadmedia.com
403,Jemima,Dobson,39,male,Jemima.Dobson@laposte.net,Afghanistan,nasa.gov
404,Tammy,Gibbs,33,male,Tammy.Gibbs@terra.com.br,Uruguay,eoccqzwk.info
405,Janie,Higginbotham,39,male,Janie.Higginbotham@bol.com.br,Turkey,bugherd.com
406,Eliza,Faithfull,53,male,Eliza.Faithfull@gmx.net,South Korea,voxel.net
407,Kay,Phelps,38,male,Kay.Phelps@hotmail.co.uk,Ukraine,houselogic.com
408,Sophia,Seals,45,male,Sophia.Seals@yahoo.it,Serbia,whstatic.com
409,Iris,Akroyd,30,female,Iris.Akroyd@gmail.com,Macedonia,lineage2.com.cn
410,Charis,Gooding,76,male,Charis.Gooding@skynet.be,Djibouti,adfox.vn
411,Eve,Workman,20,female,Eve.Workman@yahoo.it,Turkmenistan,pagefair.net
412,Lenna,Paget,57,male,Lenna.Paget@hotmail.es,Saint Vincent and the Grenadines,rcqgdkxzpwg.org
413,Zack,Witherspoon,44,male,Zack.Witherspoon@juno.com,Tuvalu,asda.com
414,Eleanor,Ginger,22,female,Eleanor.Ginger@yahoo.co.id,Uzbekistan,ck101.com
415,Palmer,Sturridge,60,female,Palmer.Sturridge@rocketmail.com,Moldova,images4us.com
416,Teresa,Stuckey,38,male,Teresa.Stuckey@yahoo.com.ar,Nepal,govtrack.us
417,Galenka,Lane,27,female,Galenka.Lane@yahoo.com.br,Zimbabwe,sensic.net
418,Sophie,Ashbee,62,female,Sophie.Ashbee@googlemail.com,Bangladesh,unbouncepages.com
419,Hunter,Goodfriend,58,male,Hunter.Goodfriend@ymail.com,Laos,naver.net
420,Rodney,Rundle,30,female,Rodney.Rundle@orange.fr,Slovakia,userdmp.com
421,Louella,Swinburne,24,male,Louella.Swinburne@yahoo.ca,Peru,meetrics.net
422,Sebastian,Gwatkin,54,male,Sebastian.Gwatkin@centurytel.net,San Marino,hurriyetemlak.com
423,Alfred,McAuley,33,male,Alfred.McAuley@sky.com,Liberia,yourbridebook.com
424,Marcia,Bates,59,male,Marcia.Bates@laposte.net,Uruguay,mchsi.com
425,Gareth,Brayton,78,female,Gareth.Brayton@hotmail.es,Sri Lanka,online-metrix.net
426,Aubrey,Oatway,44,male,Aubrey.Oatway@earthlink.net,Benin,yyqtbvqv.cn
427,Nina,Monroe,29,male,Nina.Monroe@hotmail.fr,Zimbabwe,254a.com
428,Rose,Broom,75,female,Rose.Broom@terra.com.br,Barbados,fncstatic.com
429,Richeldis,Barnbrook,28,male,Richeldis.Barnbrook@gmx.de,Ghana,umbel.com
430,Giselle,Nightingale,66,female,Giselle.Nightingale@zonnet.nl,Japan,shinobi.jp
431,Cecily,Dallinger,55,male,Cecily.Dallinger@hotmail.com,Nicaragua,escapemg.com
432,Danielle,Bowes,22,female,Danielle.Bowes@rediffmail.com,Guinea,libsyn.com
433,Abby,Hayes,40,female,Abby.Hayes@bol.com.br,East Timor,utorrent.com
434,Jonathan,Goodsell,46,female,Jonathan.Goodsell@centurytel.net,Malawi,reamp.com.br
435,Cynthia,Gardiner,59,male,Cynthia.Gardiner@ig.com.br,Nepal,generalmobi.com
436,Avis,Ravenscroft,79,female,Avis.Ravenscroft@yahoo.com.br,Sudan,yandex.kz
437,Isabella,Beck,28,male,Isabella.Beck@optonline.net,Philippines,oferta.vc
438,Bertram,Burns,67,female,Bertram.Burns@att.net,Jordan,nonstoppartner.net
439,Lysette,Hayes,25,female,Lysette.Hayes@windstream.net,Seychelles,starwars.com
440,Sarah,Williamson,29,female,Sarah.Williamson@free.fr,Senegal,hwokelamsqp.net
441,Amy,Coppersmith,69,female,Amy.Coppersmith@hotmail.es,Italy,brassring.com
442,Janie,Howell,62,female,Janie.Howell@laposte.net,Oman,gazeta.ru
443,Edwin,Whitney,40,male,Edwin.Whitney@free.fr,Djibouti,pianetadonna.it
444,Bertha,Brickman,23,female,Bertha.Brickman@alice.it,Mauritius,healthgrades.com
445,Jodie,Brayton,63,female,Jodie.Brayton@gmx.net,Zambia,hulatoo.net
446,Jessica,Afford,38,male,Jessica.Afford@web.de,Latvia,microsoftonline.com
447,Nora,Rateliff,61,female,Nora.Rateliff@gmx.de,Central African Republic,wordreference.com
448,Anne,Dickons,57,female,Anne.Dickons@hotmail.co.uk,Cabo Verde,bzfd.it
449,Harper,Downing,64,male,Harper.Downing@yahoo.com.au,Equatorial Guinea,lolnexus.com
450,Ivy,Boulding,33,female,Ivy.Boulding@mail.com,New Zealand,livepromotools.com
451,Julian,Derwin,55,male,Julian.Derwin@googlemail.com,Liechtenstein,theblaze.com
452,Joe,Leatherbarrow,68,male,Joe.Leatherbarrow@home.nl,Sweden,wenn.com
453,Lucinda,Richard,50,female,Lucinda.Richard@free.fr,Turkey,download-servers.com
454,Heather,Greaves,49,female,Heather.Greaves@facebook.com,South Africa,ctctcdn.com
455,Hank,Harp,52,female,Hank.Harp@sbcglobal.net,Belize,staticontent.com
456,Claribel,Norris,53,male,Claribel.Norris@hotmail.com,Ireland,getkeepsafe.com
457,Loretta,Thaxton,26,female,Loretta.Thaxton@tiscali.it,Niger,emgn.com
458,Judith,Hall,22,male,Judith.Hall@yahoo.co.in,Algeria,hayhaytv.vn
459,Katey,Rowell,50,female,Katey.Rowell@sky.com,Cote d'Ivoire,sessionm.com
460,Vicary,Sturridge,47,female,Vicary.Sturridge@neuf.fr,Mozambique,wd2go.com
461,Richard,Dearborn,45,female,Richard.Dearborn@gmx.net,Tonga,nbclosangeles.com
462,Yasmin,Shuttleworth,34,female,Yasmin.Shuttleworth@bellsouth.net,Norway,sanalpazar.com
463,Nora,Cushing,66,female,Nora.Cushing@zonnet.nl,Macedonia,live.net
464,Kenneth,Bedser,35,female,Kenneth.Bedser@neuf.fr,Tanzania,carrentals.com
465,Benjamin,Myers,74,female,Benjamin.Myers@charter.net,Macedonia,lporirxe.com
466,Lila,Carpenter,69,male,Lila.Carpenter@alice.it,South Sudan,venturecapitalnews.us
467,Kaylee,Dobb,58,female,Kaylee.Dobb@live.ca,Cabo Verde,lasa.com.br
468,Hodierna,Arthur,56,male,Hodierna.Arthur@planet.nl,Somalia,vplay8.com
469,Narcissa,Abbot,69,male,Narcissa.Abbot@neuf.fr,Togo,crtinv.com
470,Absalom,Bishop,21,male,Absalom.Bishop@gmx.de,Belgium,acs86.com
471,Hubert,Babbage,38,female,Hubert.Babbage@gmx.de,San Marino,ambientdigitalgroup.com
472,Ab,Malgham,49,female,Ab.Malgham@yahoo.co.in,Dominica,racinggamer.com
473,Austen,Linwood,58,male,Austen.Linwood@msn.com,Liechtenstein,adrtx.net
474,Petunia,Quinnett,58,female,Petunia.Quinnett@aliceadsl.fr,Kiribati,moijzbt.com
475,Joey,Bedford,52,male,Joey.Bedford@t-online.de,Yemen,webtraxs.com
476,Nate,Sammons,58,female,Nate.Sammons@bluewin.ch,Slovakia,hubimg.com
477,Darlene,Bowers,51,female,Darlene.Bowers@yandex.ru,Senegal,lifeselector.com
478,Lorelei,Blackman,72,male,Lorelei.Blackman@me.com,Trinidad and Tobago,redrock-interactive.com
479,Patience,Pidgeon,33,male,Patience.Pidgeon@yandex.ru,Aruba,loc.gov
480,Jenny,Lamble,40,female,Jenny.Lamble@zonnet.nl,Guinea-Bissau,socialgrowthtechnologies.com
481,Franklin,Armitstead,22,male,Franklin.Armitstead@mac.com,Dominican Republic,differencegames.com
482,Humphrey,Devall,59,female,Humphrey.Devall@laposte.net,Jordan,4dsply.com
483,Lucia,Adkins,34,male,Lucia.Adkins@aliceadsl.fr,Uruguay,space.com
484,Gregory,Barkley,44,male,Gregory.Barkley@sfr.fr,Turkmenistan,demandbase.com
485,Kay,Hitchens,21,female,Kay.Hitchens@yahoo.com.au,The Bahamas,ccmbenchmark.com
486,Dirk,Gold,52,female,Dirk.Gold@freenet.de,Indonesia,vanityfair.com
487,Rupert,Ponting,25,female,Rupert.Ponting@yahoo.com.br,Mexico,vinacaptcha.com
488,Addison,Horner,77,female,Addison.Horner@yahoo.co.id,Namibia,romnz.biz
489,Nathan,Tebbutt,42,male,Nathan.Tebbutt@libero.it,Benin,tmdb.org
490,Priscilla,Shoemaker,63,female,Priscilla.Shoemaker@googlemail.com,Panama,vast.com
491,Venetia,Constable,65,female,Venetia.Constable@live.it,North Korea,hostgator.com
492,Hubert,Longstreet,65,female,Hubert.Longstreet@aim.com,Cote d'Ivoire,raptorshq.com
493,Graham,Whitney,64,male,Graham.Whitney@optonline.net,Kyrgyzstan,mackolikcomplex.com
494,Tracy,Newey,61,female,Tracy.Newey@orange.fr,Denmark,w3schools.com
495,Shawn,Locke,76,female,Shawn.Locke@uol.com.br,Angola,kopimi.com
496,Leah,Higgins,63,male,Leah.Higgins@optonline.net,Holy See,visualstudio.com
497,Audrey,Anstead,79,female,Audrey.Anstead@freenet.de,Belarus,abmr.net
498,Kierra,Simon,35,female,Kierra.Simon@windstream.net,Guatemala,apnstatic.com
499,Kristin,Workman,42,female,Kristin.Workman@yahoo.co.jp,Palestinian Territories,premierleague.com
500,Brandy,Bracey,24,female,Brandy.Bracey@att.net,Oman,education.com
501,Malcolm,Snowden,54,female,Malcolm.Snowden@googlemail.com,Oman,mdpcdn.com
502,Margaret,Bagshaw,33,male,Margaret.Bagshaw@tiscali.it,Malawi,g8teway.com
503,Matthew,Boothe,35,male,Matthew.Boothe@t-online.de,Mexico,statuspage.io
504,Reginald,Sturridge,57,female,Reginald.Sturridge@charter.net,Costa Rica,thefalcoholic.com
505,Jerome,Tyndall,33,female,Jerome.Tyndall@yahoo.in,Angola,softonic-analytics.net
506,Alanna,Stallybrass,58,female,Alanna.Stallybrass@bluewin.ch,Saint Kitts and Nevis,amazon.fr
507,Janie,Brazier,44,male,Janie.Brazier@yahoo.com.au,San Marino,projone.net
508,Hannah,Lusher,31,male,Hannah.Lusher@free.fr,Republic of the Congo,grabnetworks.com
509,Jules,Vincent,36,male,Jules.Vincent@optonline.net,Saint Kitts and Nevis,gmtdmp.com
510,Miles,Thackeray,18,male,Miles.Thackeray@yahoo.com.br,Senegal,xiti.com
511,James,Herring,66,female,James.Herring@t-online.de,Costa Rica,adiquity.com
512,Rory,Cherrill,66,male,Rory.Cherrill@qq.com,South Sudan,leechers-paradise.org
513,Gerald,Egerton,37,male,Gerald.Egerton@live.com,Republic of the Congo,autohome.com.cn
514,Kenny,Bottrill,51,male,Kenny.Bottrill@orange.fr,Swaziland,bestbuy-jobs.com
515,Agatha,Hackett,72,female,Agatha.Hackett@yahoo.fr,Bhutan,omiga-plus.com
516,Hudson,Honeyball,51,male,Hudson.Honeyball@optusnet.com.au,Canada,horyzon-media.com
517,Miranda,Haley,36,male,Miranda.Haley@bluewin.ch,Saint Vincent and the Grenadines,unbxdapi.com
518,Karina,Linnell,64,female,Karina.Linnell@yahoo.com.sg,Mauritania,juzkqm.cn
519,Timmy,Coombes,26,female,Timmy.Coombes@outlook.com,Taiwan,bricknet.com
520,Addison,McCauley,58,male,Addison.McCauley@gmx.net,Samoa,openx.net
521,Ab,Engleman,26,male,Ab.Engleman@mail.ru,Holy See,blldnoxvi.ws
522,Blanche,Eagleman,63,male,Blanche.Eagleman@yahoo.com.sg,Norway,banzaiadv.it
523,Matt,Tutton,22,male,Matt.Tutton@juno.com,Benin,network18online.com
524,Gerald,Boot,34,female,Gerald.Boot@aim.com,Kyrgyzstan,sethads.info
525,Manuel,Stonehouse,50,female,Manuel.Stonehouse@centurytel.net,Bosnia and Herzegovina,nasdaq.com
526,Betty,Swanston,76,male,Betty.Swanston@optusnet.com.au,Macau,dlinksearch.com
527,Malcolm,Barker,22,male,Malcolm.Barker@hotmail.co.uk,Russia,carbonite.com
528,Philip,Richard,51,female,Philip.Richard@bol.com.br,Guatemala,vinhomes.vn
529,Anne,Mayberry,18,female,Anne.Mayberry@arcor.de,Guatemala,segsrvcs.com
530,Gorden,Jones,31,female,Gorden.Jones@arcor.de,Gabon,kayak.com.br
531,Gilbert,Sparrow,38,male,Gilbert.Sparrow@googlemail.com,Antigua and Barbuda,noip.com
532,Ultan,Akroyd,63,female,Ultan.Akroyd@msn.com,Brunei,mathtag.com
533,Phillipps,Lawton,45,female,Phillipps.Lawton@mac.com,Democratic Republic of the Congo,cimcontent.net
534,Yvette,Shown,61,female,Yvette.Shown@optusnet.com.au,Jamaica,ystdcru.cn
535,Addys,Thwaite,24,male,Addys.Thwaite@web.de,Peru,piperlime.com
536,Rita,Broomhall,56,male,Rita.Broomhall@virgilio.it,Mozambique,zonelabs.com
537,Tiffany,Sherman,31,female,Tiffany.Sherman@hotmail.it,Namibia,thegioicongai.net
538,Lawrence,Stanley,62,female,Lawrence.Stanley@yahoo.com,Moldova,gmail.com
539,Manuel,Clarkson,59,male,Manuel.Clarkson@facebook.com,Andorra,desmotivaciones.es
540,Lysette,Law,52,female,Lysette.Law@live.it,Kuwait,spigtrdpjs.info
541,Opal,Haldeman,53,male,Opal.Haldeman@alice.it,Malta,lporirxe.com
542,Frederick,McAuley,58,female,Frederick.McAuley@hotmail.it,Mongolia,google.com.hk
543,Richie,Trull,34,male,Richie.Trull@gmx.net,Jamaica,flip.it
544,Cheryl,Biggs,58,male,Cheryl.Biggs@sympatico.ca,Rwanda,editmysite.com
545,Venetia,Gathercole,69,male,Venetia.Gathercole@wanadoo.fr,Comoros,berkeley.edu
546,Astrid,Higginbotham,41,female,Astrid.Higginbotham@alice.it,Oman,rvpadvertisingnetwork.com
547,Hank,Bassham,29,male,Hank.Bassham@tin.it,Canada,comufy.com
548,Alma,Yeo,22,male,Alma.Yeo@yandex.ru,Thailand,quikr.com
549,Clara,Beal,42,male,Clara.Beal@centurytel.net,Albania,sftcdn.net
550,Jenna,Sidney,63,male,Jenna.Sidney@yahoo.ca,Poland,convio.net
551,Paula,Baker,34,male,Paula.Baker@yahoo.com,Italy,totallyher.com
552,Thurza,Harmon,29,male,Thurza.Harmon@optusnet.com.au,Peru,glpals.com
553,Alison,Herring,68,male,Alison.Herring@yahoo.co.id,Suriname,wsimg.com
554,Chad,Howard,75,female,Chad.Howard@live.co.uk,Benin,jd.com
555,Alma,Cruse,60,male,Alma.Cruse@yahoo.fr,Sri Lanka,milliyet.tv
556,Jacqueline,Carrell,66,male,Jacqueline.Carrell@windstream.net,San Marino,sabah.com.tr
557,Floyd,Lang,65,female,Floyd.Lang@hotmail.fr,Gabon,namequery.com
558,Dirk,Aitchison,71,female,Dirk.Aitchison@yahoo.com.au,Costa Rica,traffichaus.com
559,Mavis,Melton,74,male,Mavis.Melton@bigpond.net.au,Bangladesh,easy2.com
560,Booth,Sanders,27,female,Booth.Sanders@comcast.net,Vanuatu,lowesforpros.com
561,Addison,Holliday,77,female,Addison.Holliday@tiscali.co.uk,Ecuador,fon.com
562,Minna,Merrington,33,male,Minna.Merrington@shaw.ca,Switzerland,banerator.net
563,Louis,Fairchild,62,female,Louis.Fairchild@me.com,Bangladesh,flip.it
564,Ruth,MacCawley,75,male,Ruth.MacCawley@uol.com.br,The Bahamas,pornhubpremium.com
565,Kelsey,Cumberbatch,50,female,Kelsey.Cumberbatch@yahoo.co.uk,Malaysia,ibibo.com
566,Selma,Phipps,68,female,Selma.Phipps@ntlworld.com,Honduras,browsemark.net
567,Rory,Sparrow,43,female,Rory.Sparrow@facebook.com,Panama,pagelyhosting.com
568,Kian,Hudson,23,female,Kian.Hudson@hotmail.es,Singapore,shifen.com
569,Esther,Gould,65,male,Esther.Gould@wanadoo.fr,Rwanda,refinery29.com
570,Increase,Souttar,59,female,Increase.Souttar@ymail.com,Dominica,adreactor.com
571,Marcia,Kettle,79,male,Marcia.Kettle@yahoo.com.ar,Bangladesh,humanevents.com
572,Elbert,Stone,66,female,Elbert.Stone@googlemail.com,Australia,ads-creativesyndicator.com
573,Danielle,Hepburn,49,male,Danielle.Hepburn@rambler.ru,Armenia,publiabril.com.br
574,Dora,Swanton,56,female,Dora.Swanton@sfr.fr,Libya,tiscali.it
575,Eddie,Bawden,74,female,Eddie.Bawden@hetnet.nl,Iran,space.com
576,Gareth,Sammons,36,female,Gareth.Sammons@optusnet.com.au,Netherlands,expedia.nl
577,Tamara,Wheatley,61,female,Tamara.Wheatley@live.ca,Suriname,anthropologie.com
578,Thurza,Clitheroe,60,male,Thurza.Clitheroe@hotmail.es,Moldova,vinsight.de
579,Malachi,Georgeson,38,female,Malachi.Georgeson@live.com.au,Bangladesh,ryanair.com
580,Vince,Booth,30,female,Vince.Booth@zonnet.nl,Solomon Islands,edgesuite.net
581,Lindsay,Cotton,56,male,Lindsay.Cotton@verizon.net,Benin,baidu.com
582,Mabel,Light,35,male,Mabel.Light@bluewin.ch,Burkina Faso,brightcove.com
583,Aaron,Swaine,74,male,Aaron.Swaine@aol.com,Suriname,directads.de
584,Raymond,Culver,28,male,Raymond.Culver@bigpond.com,The Bahamas,expedia.com.ar
585,Roberta,Rudner,35,male,Roberta.Rudner@qq.com,Albania,tira.cn
586,Mariah,Burbridge,36,female,Mariah.Burbridge@voila.fr,Grenada,games724.com
587,Adam,Stanbury,60,male,Adam.Stanbury@libero.it,Liechtenstein,uzmantv.com
588,Patrice,Collingwood,73,male,Patrice.Collingwood@charter.net,Cyprus,hissage.net
589,Wanda,Thorn,25,female,Wanda.Thorn@aol.com,Papua New Guinea,webtrekk.com
590,Joanna,Bingley,78,male,Joanna.Bingley@yahoo.com,Mozambique,redirecting.ws
591,Dickon,Rundle,39,male,Dickon.Rundle@yahoo.es,Somalia,aetn.com
592,Chance,Mollison,76,female,Chance.Mollison@live.nl,Cambodia,spongecell.com
593,Phillipps,Cleland,28,male,Phillipps.Cleland@yahoo.com.ar,Iceland,politicususa.com
594,April,Wathey,50,male,April.Wathey@googlemail.com,East Timor,btg360.com.br
595,Drusilla,Sharpe,31,male,Drusilla.Sharpe@yahoo.it,Cuba,ctvnews.ca
596,Hervey,Woolf,56,male,Hervey.Woolf@me.com,Central African Republic,expedia.de
597,Zelda,Quill,76,female,Zelda.Quill@mail.com,Micronesia,burt.io
598,Danna,Cleverley,30,female,Danna.Cleverley@alice.it,Ireland,mp3skull.com
599,Jaime,Maddux,44,male,Jaime.Maddux@sfr.fr,Saudi Arabia,doji.vn
600,Maggie,Holder,68,female,Maggie.Holder@yahoo.fr,Solomon Islands,cpxinteractive.com
601,Audrey,Bowers,73,male,Audrey.Bowers@laposte.net,Timor-Leste,maxthon.com
602,Delbert,Morton,29,male,Delbert.Morton@shaw.ca,Uruguay,pangia.biz
603,Kristin,Hervey,59,male,Kristin.Hervey@me.com,Brazil,harpersbazaar.com
604,Robbie,Blackman,37,female,Robbie.Blackman@aol.com,Uzbekistan,extreme-dm.com
605,Mehitable,Piston,55,male,Mehitable.Piston@aim.com,Comoros,revenuehits.com
606,Hunter,Wellington,28,male,Hunter.Wellington@mac.com,Liechtenstein,socialgamenet.com
607,Delbert,Cumberbatch,51,male,Delbert.Cumberbatch@ig.com.br,Bolivia,uverse.com
608,Loretta,Thruston,34,male,Loretta.Thruston@googlemail.com,Taiwan,forumfree.net
609,Eve,Lucey,74,male,Eve.Lucey@yahoo.co.uk,Macau,ticketmaster.com.mx
610,Jolyon,Goodwin,28,male,Jolyon.Goodwin@yahoo.com,Swaziland,rncdn1.com
611,Maurice,Mayor,35,female,Maurice.Mayor@alice.it,Afghanistan,forbes.pl
612,Eve,Hayward,75,female,Eve.Hayward@telenet.be,Czechia,ebay.ie
613,Dorothy,Buckler,48,male,Dorothy.Buckler@bigpond.com,Lesotho,gznwldaxh.cn
614,Antonia,Brown,69,female,Antonia.Brown@frontiernet.net,Hungary,yahooapis.com
615,Floyd,Bubb,54,male,Floyd.Bubb@hotmail.com,Albania,ixiaa.com
616,Geoffrey,Bagshaw,72,male,Geoffrey.Bagshaw@me.com,Andorra,dmm.com
617,Thaddeus,Georgeson,62,male,Thaddeus.Georgeson@free.fr,Moldova,mkt932.com
618,Maureen,McCloud,34,male,Maureen.McCloud@blueyonder.co.uk,Cuba,swafreedomshop.com
619,Cathleen,Huxtable,37,male,Cathleen.Huxtable@hetnet.nl,Samoa,filmizle.com.tr
620,Lillian,Chapman,72,female,Lillian.Chapman@bigpond.net.au,Macedonia,kayak.com.au
621,Drew,Dearborn,50,female,Drew.Dearborn@live.co.uk,Laos,mayoclinic.org
622,Zadoc,Trotman,47,male,Zadoc.Trotman@yahoo.com.mx,South Africa,thedianerehmshow.org
623,Rex,Anstey,79,female,Rex.Anstey@tiscali.it,Nicaragua,glbimg.com
624,Kenny,Mason,55,female,Kenny.Mason@googlemail.com,Germany,the-best-adults-vine.com
625,Tracy,Howard,67,male,Tracy.Howard@earthlink.net,Tajikistan,food-substitute.net
626,Wilfried,Bottomley,42,female,Wilfried.Bottomley@t-online.de,East Timor,redditgifts.com
627,Terence,Swanton,25,female,Terence.Swanton@frontiernet.net,Iran,baza.vn
628,Sigmund,Dowson,72,female,Sigmund.Dowson@me.com,Holy See,browsemark.net
629,Audrey,Clibburn,35,male,Audrey.Clibburn@tin.it,Serbia,android.com
630,Winnifred,Holliday,32,male,Winnifred.Holliday@mail.ru,Sint Maarten,publishthis.com
631,Jacqueline,Parrott,41,female,Jacqueline.Parrott@live.ca,Maldives,pornerbros.com
632,Jerry,Kington,73,female,Jerry.Kington@optonline.net,Tunisia,eproof.com
633,Ada,Newdigate,32,female,Ada.Newdigate@aol.com,Australia,buenosearch.com
634,Lanny,Mollison,18,female,Lanny.Mollison@gmx.de,Bosnia and Herzegovina,bills.com
635,Tate,Daw,59,female,Tate.Daw@yandex.ru,Russia,pages02.net
636,Chloe,Smith,43,female,Chloe.Smith@sympatico.ca,Tonga,ealojs.cn
637,Lana,MacAskill,38,female,Lana.MacAskill@live.ca,Kuwait,bbcpersian.com
638,Kyle,Anstey,42,male,Kyle.Anstey@aim.com,Israel,alcatel-lucent.com
639,Arabella,Ward,45,male,Arabella.Ward@live.it,Kosovo,adsynth.com
640,Lawrence,Kitts,21,male,Lawrence.Kitts@rocketmail.com,Seychelles,wattpad.com
641,Maureen,Little,39,male,Maureen.Little@live.com.au,Guatemala,joy.ac
642,Gertie,Bassham,40,female,Gertie.Bassham@telenet.be,Lesotho,publicpolicypolling.com
643,Ray,Coppock,19,female,Ray.Coppock@tiscali.it,Belize,state.gov
644,Anderson,Anstead,35,female,Anderson.Anstead@sfr.fr,Cameroon,vwislcpb.ws
645,Corey,Rayner,66,female,Corey.Rayner@gmx.net,Angola,35go.cn
646,Joshua,Russell,47,female,Joshua.Russell@neuf.fr,Paraguay,abalo.vn
647,Kirstin,Lovett,44,female,Kirstin.Lovett@rediffmail.com,South Korea,deviantart.com
648,Buddy,Akehurst,45,male,Buddy.Akehurst@facebook.com,Portugal,trovit.com
649,Gwenda,Feetham,48,male,Gwenda.Feetham@gmail.com,Holy See,imrk.net
650,Reba,Wadding,30,male,Reba.Wadding@mail.ru,Dominican Republic,nairaland.com
651,Jaime,Waddington,24,male,Jaime.Waddington@sbcglobal.net,Thailand,swappa.com
652,Persis,Forster,54,female,Persis.Forster@hotmail.es,Lebanon,inspsearch.com
653,Sigmund,Goggin,75,female,Sigmund.Goggin@laposte.net,Kyrgyzstan,rxmkklx.cn
654,Dougie,Bomford,51,female,Dougie.Bomford@t-online.de,Mauritius,staticsfly.com
655,Grant,Hoover,35,female,Grant.Hoover@planet.nl,Syria,expedia.com.ar
656,Rosemary,Beale,69,female,Rosemary.Beale@rambler.ru,Guinea,gorillanation.com
657,Tamara,Priest,54,male,Tamara.Priest@comcast.net,Mauritius,dmm.co.jp
658,Lucy,Hatfield,71,male,Lucy.Hatfield@comcast.net,Argentina,ink1001.com
659,Alma,Caton,61,male,Alma.Caton@comcast.net,Kazakhstan,hitsprocessor.com
660,Jamie,Ultan,20,female,Jamie.Ultan@frontiernet.net,Peru,statig.com.br
661,Ellen,Beaton,41,female,Ellen.Beaton@gmail.com,Honduras,sbc.com
662,Bella,Adshead,18,male,Bella.Adshead@zonnet.nl,Iran,widgetserver.com
663,Johnson,Bull,55,female,Johnson.Bull@yahoo.com.au,Guinea,begun.ru
664,Jana,Beanland,61,female,Jana.Beanland@sky.com,Finland,xenforo.com
665,Susan,Light,26,male,Susan.Light@yahoo.ca,Cyprus,eb.com
666,Joshua,Evelyn,47,male,Joshua.Evelyn@mac.com,Eritrea,interesticle.com
667,Claire,Beeby,23,male,Claire.Beeby@telenet.be,Afghanistan,bluenationreview.com
668,Rose,Haylen,22,male,Rose.Haylen@neuf.fr,Costa Rica,nctcorp.vn
669,Maggie,Cooper,30,female,Maggie.Cooper@mail.ru,Ghana,remat.ca
670,Lettice,Thornhill,69,male,Lettice.Thornhill@rambler.ru,Iraq,givemesport.com
671,Elliot,Ousey,70,male,Elliot.Ousey@gmail.com,Senegal,pxlad.io
672,Neil,Stuckey,46,male,Neil.Stuckey@web.de,Montenegro,proptp.net
673,Effie,Armitstead,29,male,Effie.Armitstead@yahoo.com.ar,South Korea,download-ap.com
674,Sophia,Goring,58,male,Sophia.Goring@aim.com,Iran,likes.com
675,Kaylee,Souttar,20,female,Kaylee.Souttar@windstream.net,Belize,sigalert.com
676,Clare,Wakeling,29,male,Clare.Wakeling@hotmail.com,Suriname,solidoak.com
677,Laura,Rector,27,male,Laura.Rector@yahoo.co.id,Barbados,catsupagedwelcome.com
678,Iona,Lawrenson,68,male,Iona.Lawrenson@mail.com,Denmark,rncdn1.com
679,Karina,Bethune,68,male,Karina.Bethune@yahoo.co.in,Iran,apartments.com
680,Narcissa,Davidson,46,female,Narcissa.Davidson@yahoo.com.ar,Saudi Arabia,rivalgaming.com
681,Jodie,Akehurst,68,female,Jodie.Akehurst@wanadoo.fr,Oman,detik.com
682,Tammy,Young,66,female,Tammy.Young@yahoo.in,Zimbabwe,ophxwklr.com
683,Priscilla,Tanner,62,female,Priscilla.Tanner@mac.com,Micronesia,thefreecamsecret.com
684,Margaret,Ambler,18,male,Margaret.Ambler@planet.nl,Malawi,mdpcdn.com
685,Cassandra,Every,68,male,Cassandra.Every@orange.fr,Moldova,mobilefuse.net
686,Winnie,Armitstead,20,female,Winnie.Armitstead@rambler.ru,Austria,yieldkit.com
687,Ellen,Gibbs,52,female,Ellen.Gibbs@laposte.net,Iran,zanox.ws
688,Bubby,Haley,68,female,Bubby.Haley@gmail.com,South Korea,photoshelter.com
689,Marta,Kells,27,female,Marta.Kells@live.ca,Chad,bringyourchallenges.com
690,Dana,Waterfield,46,female,Dana.Waterfield@yahoo.de,Timor-Leste,ticketweb.com
691,Mehitable,Booth,18,female,Mehitable.Booth@qq.com,France,hao123.com
692,Erin,Daneman,25,female,Erin.Daneman@virgilio.it,Ghana,astbr.com
693,Marissa,Kitchen,69,female,Marissa.Kitchen@bol.com.br,Albania,blogtopsites.com
694,Sabrina,Brandis,64,female,Sabrina.Brandis@skynet.be,Tajikistan,wd2go.com
695,Enid,Hastings,58,female,Enid.Hastings@verizon.net,Grenada,herezera.com
696,Cynthia,Monk,49,female,Cynthia.Monk@home.nl,Kazakhstan,plexop.com
697,Palmer,Cracroft,69,male,Palmer.Cracroft@hotmail.it,Cuba,pushpin.com
698,Myrna,Carpenter,28,female,Myrna.Carpenter@aliceadsl.fr,Bhutan,cpleft.com
699,Larry,Phoenix,34,male,Larry.Phoenix@sky.com,United Arab Emirates,crashplan.com
700,Jennifer,Twyman,62,male,Jennifer.Twyman@alice.it,United Kingdom,userneeds.dk
701,Millicent,Hanson,59,male,Millicent.Hanson@terra.com.br,Syria,clocklink.com
702,Sylvia,Pettit,76,male,Sylvia.Pettit@mail.com,Papua New Guinea,pgpartner.com
703,Drew,Groves,64,male,Drew.Groves@telenet.be,Paraguay,placelocal.com
704,Irene,Clopton,72,female,Irene.Clopton@hotmail.com,Russia,bongdep.com
705,Tamara,Wolfe,45,female,Tamara.Wolfe@comcast.net,East Timor,violetgrey.com
706,Dora,Hubbard,57,female,Dora.Hubbard@cox.net,France,allakhazam.com
707,Adel,Duckworth,63,female,Adel.Duckworth@blueyonder.co.uk,Cambodia,craigslist.pt
708,Danielle,Smithson,71,male,Danielle.Smithson@earthlink.net,Laos,talkingdata.net
709,lfweard,Adcock,66,male,lfweard.Adcock@live.com,Lebanon,thedailyeight.com
710,Oswald,Seedsman,29,male,Oswald.Seedsman@hotmail.fr,Morocco,vetogate.com
711,Ashley,Deeks,38,female,Ashley.Deeks@hotmail.de,Japan,magnumads.me
712,Enid,Luckinbill,18,male,Enid.Luckinbill@bellsouth.net,Libya,strava.com
713,Marta,Devoe,32,female,Marta.Devoe@msn.com,Australia,rollingstone.com
714,Jeffery,Alborough,47,male,Jeffery.Alborough@zonnet.nl,Lebanon,tribdss.com
715,Bertram,Myers,51,female,Bertram.Myers@blueyonder.co.uk,Andorra,quantcast.com
716,Henrietta,Hammond,57,male,Henrietta.Hammond@centurytel.net,Montenegro,osatcxntrug.ws
717,Leisha,Dickons,57,female,Leisha.Dickons@home.nl,Malawi,lifefactopia.com
718,Eileen,Leavitt,36,male,Eileen.Leavitt@outlook.com,Aruba,ecustomeropinions.com
719,Addys,Hadfield,62,male,Addys.Hadfield@telenet.be,Andorra,bitcomet.com
720,Patrice,Tyndale,30,male,Patrice.Tyndale@bigpond.net.au,Fiji,hubspot.com
721,Charlie,Flatley,53,male,Charlie.Flatley@yahoo.com.au,South Sudan,pymrinle.net
722,Holbrook,Atkin,77,male,Holbrook.Atkin@yahoo.fr,Mali,hdakqysubl.com
723,Amanda,Corrie,18,female,Amanda.Corrie@msn.com,Liechtenstein,nld.com.vn
724,Patrick,Brewer,66,female,Patrick.Brewer@chello.nl,Namibia,ehow.com
725,Russell,Downer,65,male,Russell.Downer@virgilio.it,Honduras,bn.tl
726,Charmaine,Simpson,56,male,Charmaine.Simpson@yahoo.co.uk,Cyprus,torrentz.eu
727,Matt,Barry,30,female,Matt.Barry@mac.com,Hungary,badlefthook.com
728,Lanna,Barrowclough,74,female,Lanna.Barrowclough@arcor.de,Cabo Verde,amazon.es
729,Sebastian,Pickett,53,female,Sebastian.Pickett@gmx.de,Syria,deca.vn
730,Joan,Faithfull,77,male,Joan.Faithfull@sbcglobal.net,Guinea,weeklystandard.com
731,Katey,Lake,26,male,Katey.Lake@mail.com,Iraq,ebaypartnernetwork.com
732,Daphne,Murgatroyd,23,female,Daphne.Murgatroyd@tiscali.it,Jamaica,bonappetit.com
733,Sigmund,Kitching,47,male,Sigmund.Kitching@blueyonder.co.uk,Macau,vagas.com.br
734,Bobbi,Beadon,69,male,Bobbi.Beadon@aol.com,Macedonia,otherlevels.com
735,Abby,Bomford,48,male,Abby.Bomford@att.net,Comoros,gazeta.pl
736,Vicary,Saxon,41,male,Vicary.Saxon@me.com,Turkmenistan,tmztournyc.com
737,Alberta,Graves,59,male,Alberta.Graves@yahoo.co.id,Lebanon,citi.com
738,Jana,Kent,65,male,Jana.Kent@wanadoo.fr,Antigua and Barbuda,totallyher.com
739,Jenna,Beck,29,male,Jenna.Beck@hotmail.fr,Uruguay,serviceonlinetech.org
740,Liana,Jepson,23,female,Liana.Jepson@tin.it,Fiji,domdex.com
741,Carol,Johnson,40,female,Carol.Johnson@hetnet.nl,East Timor,shinobi.jp
742,Peleg,Tidwell,19,female,Peleg.Tidwell@tiscali.it,Cambodia,comodoca2.com
743,Agatha,Lane.Fox,57,female,Agatha.Lane.Fox@yahoo.com.sg,Thailand,dailymail.co.uk
744,Hugh,Watson,27,male,Hugh.Watson@yandex.ru,Malta,uploadable.ch
745,Alice,Wordsworth,72,male,Alice.Wordsworth@planet.nl,Montenegro,apnewsregistry.com
746,Helen,Hogan,68,female,Helen.Hogan@me.com,Kosovo,haberzamani.com
747,Lilla,Inglis,68,female,Lilla.Inglis@yandex.ru,Tunisia,bankmellat.ir
748,Mandy,Hallman,50,female,Mandy.Hallman@yahoo.es,North Korea,sesamestats.com
749,Gwendolen,Stetson,24,male,Gwendolen.Stetson@live.nl,Saint Kitts and Nevis,bannerflow.com
750,Hudson,Simons,48,male,Hudson.Simons@yahoo.co.uk,Kenya,crispadvertising.com
751,Shania,Hawke,76,male,Shania.Hawke@planet.nl,Iceland,salesforceliveagent.com
752,Crystal,Nettlefold,67,female,Crystal.Nettlefold@bol.com.br,Macau,lyrta.cc
753,Margaret,Worrall,60,female,Margaret.Worrall@yahoo.it,Portugal,oclaserver.com
754,Felicity,Beer,50,male,Felicity.Beer@home.nl,Curacao,viacom.com
755,Bryony,Armfield,19,female,Bryony.Armfield@optonline.net,Jordan,torchbrowserjs.info
756,Larry,Irwin,46,male,Larry.Irwin@yahoo.es,Honduras,da-ads.com
757,Galenka,Dicks,45,female,Galenka.Dicks@yahoo.co.jp,Lebanon,oroll.com
758,Clementine,Wright,18,female,Clementine.Wright@mail.ru,Norway,wgeprggwv.ws
759,Yvette,Hallman,24,male,Yvette.Hallman@free.fr,The Bahamas,artisantools.com
760,Kay,Moore,64,female,Kay.Moore@windstream.net,Uganda,gameloft.com
761,Sandra,Gould,74,male,Sandra.Gould@skynet.be,Italy,ophan.co.uk
762,Ethan,Crerar,26,female,Ethan.Crerar@t-online.de,Cambodia,yify-torrents.com
763,Nina,Heron,38,female,Nina.Heron@rocketmail.com,Morocco,wired.com
764,Hannah,Boothby,77,male,Hannah.Boothby@yahoo.com.mx,Maldives,getbills.com
765,Carlton,Isler,63,female,Carlton.Isler@cox.net,Eritrea,adcolony.com
766,Sibyl,Orton,74,male,Sibyl.Orton@terra.com.br,Timor-Leste,ietf.org
767,Walter,Bennett,62,female,Walter.Bennett@freenet.de,Palau,faqs.org
768,Jan,Stuckey,63,male,Jan.Stuckey@sky.com,Sierra Leone,bhphotovideo.com
769,Andy,Finn,70,female,Andy.Finn@sbcglobal.net,Costa Rica,nudevector.com
770,Albert,Lovett,53,male,Albert.Lovett@uol.com.br,South Korea,pbwstatic.com
771,Lorelei,Braxton,62,male,Lorelei.Braxton@yandex.ru,Mozambique,simpsons-ea.com
772,Reginald,Hembree,71,female,Reginald.Hembree@yahoo.com,Romania,kaft.com
773,Edgar,Simons,35,female,Edgar.Simons@mail.ru,Tanzania,surfingbird.ru
774,Bertha,Kington,40,male,Bertha.Kington@mail.ru,Dominican Republic,adklo.com
775,Thaddeus,Higgins,66,male,Thaddeus.Higgins@tin.it,Guatemala,nationalgeographic.it
776,Elmer,Chalmers,20,male,Elmer.Chalmers@orange.fr,Niger,fareportal.com
777,Virginia,Berenson,55,female,Virginia.Berenson@wanadoo.fr,Cabo Verde,bigblueview.com
778,Andy,Lawson,72,male,Andy.Lawson@charter.net,South Korea,fontdeck.com
779,Claude,Underhill,70,male,Claude.Underhill@aliceadsl.fr,North Korea,adzcore.com
780,Charlie,Driver,35,female,Charlie.Driver@verizon.net,Palau,maclife.com
781,Jay,Hogan,40,female,Jay.Hogan@yahoo.it,Peru,zqlx.com
782,Lenna,Dodwell,78,male,Lenna.Dodwell@comcast.net,Barbados,s2d6.com
783,Brooks,Vachell,70,female,Brooks.Vachell@msn.com,Somalia,web-ster.com
784,Betsy,Kells,48,female,Betsy.Kells@libero.it,Serbia,cbeyond.com
785,Lillian,Clarkson,46,female,Lillian.Clarkson@aim.com,Cambodia,adfox.vn
786,Timothy,Plunkett-Ernle-Erle-Drax,54,male,Timothy.Plunkett-Ernle-Erle-Drax@yahoo.co.uk,Central African Republic,umass.edu
787,Norman,Hopkinson,52,female,Norman.Hopkinson@yahoo.ca,Guyana,hostip.info
788,Jaynie,Midwinter,30,male,Jaynie.Midwinter@qq.com,Tanzania,compassionandchoices.org
789,Marian,Eidson,76,female,Marian.Eidson@terra.com.br,Liechtenstein,hunts.com
790,Louis,Glavin,27,male,Louis.Glavin@live.nl,Belarus,web-18.com
791,Penelope,Kells,79,male,Penelope.Kells@yahoo.co.uk,Ethiopia,pressly.com
792,Kirsten,Donelan,79,male,Kirsten.Donelan@neuf.fr,Netherlands,thefalcoholic.com
793,Janee,Wheatley,22,male,Janee.Wheatley@hotmail.it,Zambia,ccc.se
794,Ebenezer,Kirkland,71,male,Ebenezer.Kirkland@bigpond.com,Colombia,hautelook.com
795,Lucy,Nuttall,45,male,Lucy.Nuttall@ig.com.br,Vanuatu,europa.eu
796,Alistair,Whitaker,23,female,Alistair.Whitaker@yahoo.co.jp,Colombia,komoona.com
797,Paulina,Ponting,54,female,Paulina.Ponting@voila.fr,Sri Lanka,trustgo.com
798,Christine,Constable,56,female,Christine.Constable@att.net,Palau,actnx.com
799,Louisa,Seymour,77,female,Louisa.Seymour@rocketmail.com,Haiti,backupgrid.net
800,Jules,Derwin,19,male,Jules.Derwin@terra.com.br,Guatemala,yelp.ch
801,Thelma,Wattis,54,female,Thelma.Wattis@yandex.ru,Latvia,oxcfwwerbxd.com
802,Reginald,Palmerston,78,female,Reginald.Palmerston@sbcglobal.net,Comoros,hdakqysubl.com
803,Oswald,Casely-Hayford,67,male,Oswald.Casely-Hayford@bigpond.net.au,Uruguay,razerzone.com
804,Reginald,Crier,73,female,Reginald.Crier@live.it,Slovakia,vneconomy.vn
805,Bridget,Weller,28,male,Bridget.Weller@live.fr,Pakistan,hocmdvia.com
806,Seth,Swinton,51,female,Seth.Swinton@optonline.net,Nicaragua,coupons.net
807,Louisa,Whiteside,38,male,Louisa.Whiteside@mail.ru,Libya,bestbuy-jobs.com
808,Nicolas,Sugrue,23,female,Nicolas.Sugrue@laposte.net,Georgia,gateable.com
809,Dobie,Caple,71,male,Dobie.Caple@verizon.net,Iraq,iilcuaks.ws
810,Booth,Christie,54,female,Booth.Christie@charter.net,Tunisia,adxpansion.com
811,Larry,Abbey,50,female,Larry.Abbey@laposte.net,Haiti,netmining.com
812,Gilbert,Marchbank,57,female,Gilbert.Marchbank@yahoo.com.br,Turkey,cdndelivery.com
813,Addison,Adcock,20,female,Addison.Adcock@hetnet.nl,Costa Rica,synxis.com
814,Jerome,Gold,39,male,Jerome.Gold@home.nl,Burma,sfdoqpsw.info
815,Joey,Dobson,64,female,Joey.Dobson@virgilio.it,Central African Republic,cloneweb.net
816,Jan,Aaron,34,male,Jan.Aaron@yahoo.co.jp,Panama,ashleyrnadison.com
817,Joseph,Duke,32,female,Joseph.Duke@bol.com.br,Cabo Verde,simplemachines.org
818,Jolyon,Engleman,32,male,Jolyon.Engleman@free.fr,Iceland,rbc.ru
819,Nancy,Sorey,50,male,Nancy.Sorey@me.com,Togo,ixiaa.com
820,Opal,Bott,53,male,Opal.Bott@aol.com,Samoa,zeti.com
821,Megan,Sparrow,67,male,Megan.Sparrow@chello.nl,Bolivia,imrworldwide.com
822,Natalie,Woodard,33,female,Natalie.Woodard@facebook.com,Democratic Republic of the Congo,investingchannel.com
823,Alisha,Salem,28,female,Alisha.Salem@googlemail.com,Trinidad and Tobago,vitalk.vn
824,Grant,Parkes,25,male,Grant.Parkes@bigpond.net.au,Sri Lanka,heartinternet.uk
825,Laurence,Blalock,31,male,Laurence.Blalock@planet.nl,Mexico,adserving.jp
826,Lily,MacAuley,70,female,Lily.MacAuley@hotmail.it,Nicaragua,lululemon.com
827,Jess,Lusher,20,female,Jess.Lusher@live.nl,Hungary,providesupport.com
828,Patty,Coull,75,male,Patty.Coull@yahoo.es,Barbados,pkqyv.ws
829,Eric,Akehurst,54,female,Eric.Akehurst@chello.nl,Bahrain,cnnic.cn
830,Becki,Dimbleby,31,female,Becki.Dimbleby@hotmail.de,Botswana,google.com.au
831,Miranda,Thruston,60,female,Miranda.Thruston@blueyonder.co.uk,Serbia,turunculevye.com
832,Philippa,Watchorn,42,female,Philippa.Watchorn@arcor.de,Ethiopia,azdjforhire.com
833,Cherry,Holdsworth,35,female,Cherry.Holdsworth@hotmail.it,Spain,ashleymadison.com
834,Autumn,Sanders,30,male,Autumn.Sanders@web.de,Benin,mouseflow.com
835,Susanne,Saxon,71,female,Susanne.Saxon@aliceadsl.fr,Belarus,trt.net.tr
836,Charis,Cosgrove,56,female,Charis.Cosgrove@sympatico.ca,Indonesia,j2inter.com
837,Rufus,Spencer,52,male,Rufus.Spencer@aim.com,Norway,commissionlounge.com
838,Carlene,Gundy,23,female,Carlene.Gundy@live.com,Denmark,utorrent.li
839,Delbert,Joplin,21,male,Delbert.Joplin@laposte.net,Hong Kong,xbhygm.org
840,Louella,Lucy,26,male,Louella.Lucy@yahoo.fr,Italy,umengcloud.com
841,Jenna,Martin,48,female,Jenna.Martin@facebook.com,Grenada,informaction.com
842,Kim,Hawks,26,female,Kim.Hawks@yahoo.in,Argentina,macysjobs.com
843,Glenda,Windley,74,male,Glenda.Windley@zonnet.nl,Algeria,webmdhealthservices.com
844,Yvonne,Thrasher,76,male,Yvonne.Thrasher@mac.com,Papua New Guinea,readspeaker.com
845,Bronwyn,Wilson,32,female,Bronwyn.Wilson@sbcglobal.net,Norway,omniata.com
846,Sarah,Kington,36,female,Sarah.Kington@home.nl,Cote d'Ivoire,disneybaby.com
847,Dwight,Phipps,50,male,Dwight.Phipps@live.co.uk,South Korea,ekstat.com
848,Peleg,Benedict,38,female,Peleg.Benedict@sbcglobal.net,Pakistan,hdfcbank.com
849,Buck,McCauley,76,male,Buck.McCauley@live.com.au,Samoa,5min.com
850,Zelda,Miller,39,female,Zelda.Miller@yahoo.com.au,Lesotho,wowinterface.com
851,Marianne,Winterburn,59,male,Marianne.Winterburn@rambler.ru,Hong Kong,cwfservice.net
852,Chad,Whiteway,30,male,Chad.Whiteway@web.de,Zambia,ticketfly.com
853,Averil,Hodgson,64,male,Averil.Hodgson@yahoo.com.mx,Tanzania,phys.org
854,Lilla,Norrington,20,male,Lilla.Norrington@yahoo.com.ar,Bhutan,berkeley.edu
855,Paulina,Natt,24,female,Paulina.Natt@verizon.net,Eritrea,loseit.com
856,Louisa,Holcombe,40,female,Louisa.Holcombe@web.de,Guinea-Bissau,sendmessagebox.com
857,Otto,Jackson,20,male,Otto.Jackson@yahoo.com,Trinidad and Tobago,mediaweek.com
858,Colette,Glenister,36,female,Colette.Glenister@planet.nl,Namibia,picasasoftware.com
859,Nicola,Roy,76,male,Nicola.Roy@freenet.de,Democratic Republic of the Congo,qbwbzmtv.cc
860,Grayson,Veal,60,male,Grayson.Veal@live.it,Burundi,themetapicture.com
861,Leopold,Joseph,46,female,Leopold.Joseph@live.it,Eritrea,vancouversun.com
862,Bertram,Bloomer,56,male,Bertram.Bloomer@sky.com,Zimbabwe,goo.ne.jp
863,Mercedes,Crosbie,77,male,Mercedes.Crosbie@freenet.de,Sri Lanka,eltiempo.es
864,Hubert,Woodcock,41,female,Hubert.Woodcock@bigpond.com,Mongolia,cloudsponge.com
865,Myron,Kersey,63,female,Myron.Kersey@ntlworld.com,Saint Vincent and the Grenadines,tipo777.com
866,Faith,Northcutt,71,female,Faith.Northcutt@blueyonder.co.uk,Guinea-Bissau,bhaskar.com
867,Blanche,Harrelson,45,male,Blanche.Harrelson@yahoo.co.in,Gabon,autodesk.com
868,Elektra,Arthur,77,female,Elektra.Arthur@att.net,East Timor,memurlar.net
869,Patrice,Gillick,77,male,Patrice.Gillick@neuf.fr,Uganda,postlets.com
870,Thomasina,Dixon,65,female,Thomasina.Dixon@yahoo.com.br,Malta,tmztournyc.com
871,Liza,Manning,42,male,Liza.Manning@live.com,Saudi Arabia,podtrac.com
872,Emma,Allard,54,male,Emma.Allard@optusnet.com.au,Brazil,mozilla.net
873,Delia,Weeks,31,male,Delia.Weeks@chello.nl,Cameroon,real.com
874,Carlton,Loving,30,male,Carlton.Loving@yahoo.co.in,Tunisia,mygame82.com
875,Edwin,Groves,37,female,Edwin.Groves@bol.com.br,Nigeria,smilebox.com
876,Ken,Guthrie,38,female,Ken.Guthrie@optonline.net,Fiji,pub-fit.com
877,Jerry,Brailsford,30,female,Jerry.Brailsford@bigpond.com,Albania,psychologytoday.com
878,Olivia,Sharrock,34,female,Olivia.Sharrock@msn.com,Bolivia,pusher.com
879,Cathleen,Freckelton,39,male,Cathleen.Freckelton@shaw.ca,Albania,spccint.com
880,Bryony,Faithfull,24,male,Bryony.Faithfull@tiscali.co.uk,Jamaica,tuenti.com
881,Olivia,Brickman,31,female,Olivia.Brickman@ntlworld.com,The Gambia,icast.cn
882,Maureen,Baines,25,female,Maureen.Baines@me.com,Honduras,comodo.com
883,Heidi,Dunn,48,male,Heidi.Dunn@yahoo.de,Algeria,extend.tv
884,Lauretta,Hearnshaw,50,male,Lauretta.Hearnshaw@live.com.au,Mauritania,bing.net
885,Sophie,White,33,male,Sophie.White@facebook.com,Argentina,startpage.com
886,Dobie,Tidwell,59,male,Dobie.Tidwell@ig.com.br,Indonesia,ansa.it
887,Genevieve,Launchbury,21,male,Genevieve.Launchbury@live.co.uk,Libya,realclearscience.com
888,Jay,Gayfer,51,female,Jay.Gayfer@laposte.net,Serbia,freakshare.com
889,Ida,Hastings,30,female,Ida.Hastings@earthlink.net,Republic of the Congo,odnoklassniki.ru
890,Alison,Bedser,79,male,Alison.Bedser@yahoo.es,Togo,advertising-support.com
891,Cleve,Pancake,29,male,Cleve.Pancake@bellsouth.net,Aruba,bn.tl
892,Edgar,Tuson,18,female,Edgar.Tuson@sbcglobal.net,Finland,groovorio.com
893,Tammy,Rudner,74,female,Tammy.Rudner@optusnet.com.au,Malawi,scribblelive.com
894,Gerald,Kitching,33,female,Gerald.Kitching@googlemail.com,Uganda,admost.com
895,Vicary,Aylesworth,50,female,Vicary.Aylesworth@windstream.net,Georgia,peeperz.com
896,Keith,Heathcoat-Amory,33,male,Keith.Heathcoat-Amory@wanadoo.fr,Tajikistan,ensonhaber.com
897,Andrew,Watt,64,female,Andrew.Watt@comcast.net,East Timor,arginfo.com
898,Gwyneth,Atlee,55,female,Gwyneth.Atlee@hotmail.de,Costa Rica,pelmorex.com
899,Vince,Seymour,24,male,Vince.Seymour@neuf.fr,Sweden,adp.com
900,Sabrina,Yeager,55,male,Sabrina.Yeager@yahoo.ca,Liechtenstein,smartling.com
901,Tony,Oatway,78,female,Tony.Oatway@googlemail.com,Oman,j.mp
902,Eileen,Englefield,68,male,Eileen.Englefield@charter.net,Namibia,homedepot.com
903,Agatha,Record,43,female,Agatha.Record@freenet.de,Comoros,phird.cn
904,Lawton,Crerar,37,male,Lawton.Crerar@live.fr,Brunei,l1o0l11lo11011o.com
905,Madge,Bromfield,22,male,Madge.Bromfield@att.net,Sudan,bilyoner.com
906,Hero,Harp,47,female,Hero.Harp@hotmail.es,South Korea,someecards.com
907,Josephine,Pickett,33,male,Josephine.Pickett@gmx.de,Malaysia,gioneemobile.net
908,Marcus,Boothby,59,male,Marcus.Boothby@rocketmail.com,Tanzania,vietnamnet.vn
909,Liana,Winrow,33,male,Liana.Winrow@live.fr,Slovakia,inttrax.com
910,Arda,Wood,20,female,Arda.Wood@ymail.com,Poland,plexapp.com
911,Barbara,Alborough,22,female,Barbara.Alborough@outlook.com,Argentina,hurriyet.com.tr
912,Bryony,Livingston,62,female,Bryony.Livingston@arcor.de,Armenia,spilcloud.com
913,Elmer,Berenson,50,male,Elmer.Berenson@home.nl,Vanuatu,cifraclub.com.br
914,Cardew,Coon,52,female,Cardew.Coon@ig.com.br,Equatorial Guinea,mqqmaavwqul.cn
915,John,Deller,45,male,John.Deller@bol.com.br,Togo,break.com
916,Joe,Hayden,28,male,Joe.Hayden@bigpond.com,Armenia,xgo.com.cn
917,Leonard,Longfield,42,male,Leonard.Longfield@libero.it,Saudi Arabia,cdn-hotels.com
918,Gemma,Ayrton,28,male,Gemma.Ayrton@web.de,Gabon,gbtv.com
919,Lucy,Hubbard,47,female,Lucy.Hubbard@web.de,Morocco,watchguard.com
920,Rita,Eakin,60,female,Rita.Eakin@free.fr,Italy,hongkiat.com
921,Liana,Pertwee,78,female,Liana.Pertwee@yahoo.fr,Burkina Faso,srds.com
922,Arnold,Whibley,63,female,Arnold.Whibley@aim.com,Jamaica,admngronline.com
923,Flora,Rayner,28,female,Flora.Rayner@free.fr,Nepal,eloqua.com
924,Leonora,Ingersoll,25,male,Leonora.Ingersoll@live.ca,San Marino,wptavern.com
925,Kian,Hayes,54,female,Kian.Hayes@sbcglobal.net,Vanuatu,hruhac.org
926,Wilfred,Rouse,24,male,Wilfred.Rouse@aliceadsl.fr,Bolivia,broadage.com
927,Kathleen,MacAndrew,53,female,Kathleen.MacAndrew@sky.com,Iceland,campanja.com
928,Jemima,Lovell,78,male,Jemima.Lovell@orange.fr,India,trvl-media.com
929,Corrie,Thrasher,21,male,Corrie.Thrasher@live.ca,Liechtenstein,mqqmaavwqul.cn
930,Alanna,Gates,72,female,Alanna.Gates@wanadoo.fr,Austria,incmd04.com
931,Whitney,Pickett,64,female,Whitney.Pickett@yahoo.de,Italy,tagboard.com
932,Kirstin,Stansfield,25,male,Kirstin.Stansfield@yahoo.de,Argentina,servedby-buysellads.com
933,Raife,Collins,74,female,Raife.Collins@gmail.com,Macedonia,voga360.com
934,Victoria,Beard,35,female,Victoria.Beard@yahoo.ca,Kosovo,shopathome.com
935,Vera,Tebbutt,57,female,Vera.Tebbutt@cox.net,Ireland,kargo.com
936,Jamie,Nixon,70,female,Jamie.Nixon@juno.com,Australia,moborobo.com
937,Ultan,Beardsley,50,female,Ultan.Beardsley@tin.it,Venezuela,vizu.com
938,Hilda,Jent,66,female,Hilda.Jent@charter.net,Peru,dafity.com.br
939,Bubby,Hawking,18,male,Bubby.Hawking@gmx.net,Zimbabwe,storify.com
940,Carol,Eady,39,male,Carol.Eady@ig.com.br,Madagascar,wideinfo.org
941,Dana,Wells,23,female,Dana.Wells@arcor.de,Iraq,symphonytools.com
942,Hank,Botterill,68,female,Hank.Botterill@tiscali.it,Australia,avazutracking.net
943,Bud,Lincecum,58,male,Bud.Lincecum@yahoo.ca,Cuba,localresponse.com
944,Gerard,Adcock,21,male,Gerard.Adcock@me.com,Bosnia and Herzegovina,fanatics.com
945,Summer,Headley,29,female,Summer.Headley@yahoo.co.id,Italy,bldrdoc.gov
946,Darlene,Irwin,24,female,Darlene.Irwin@orange.fr,Djibouti,sayyac.com
947,Thomas,Windeatt,49,female,Thomas.Windeatt@msn.com,United Kingdom,myswitchads.com
948,Charlie,Caferro,44,female,Charlie.Caferro@orange.fr,Marshall Islands,parentalcontrolbar.org
949,Ana,Babbs,37,male,Ana.Babbs@home.nl,Samoa,redtube.com
950,Gale,Gibbs,26,male,Gale.Gibbs@att.net,Madagascar,eum-appdynamics.com
951,Giselle,Tittle,41,female,Giselle.Tittle@arcor.de,Romania,datropy.com
952,Peggy,Ravenscroft,33,female,Peggy.Ravenscroft@centurytel.net,The Gambia,adtilt.com
953,Hunter,Hardwick,68,male,Hunter.Hardwick@optusnet.com.au,Cuba,google.com.ly
954,Medea,Swanton,76,female,Medea.Swanton@arcor.de,Panama,luxup.ru
955,Claudia,Ashbee,54,male,Claudia.Ashbee@aim.com,Oman,kazhifu.com
956,Sarah,Ousey,53,male,Sarah.Ousey@tin.it,Pakistan,betradar.com
957,Joy,Hoffman,25,female,Joy.Hoffman@mac.com,Finland,espnfrontrow.com
958,Minna,Currie,49,female,Minna.Currie@live.co.uk,Cote d'Ivoire,nflyouthpd.com
959,Carole,Higginbotham,74,female,Carole.Higginbotham@live.co.uk,Kyrgyzstan,sendgrid.com
960,Horace,Caton,37,female,Horace.Caton@terra.com.br,Burma,zdn.vn
961,Michele,Allum,37,male,Michele.Allum@windstream.net,Sint Maarten,sannhac.com
962,Josie,Wells,38,female,Josie.Wells@free.fr,Yemen,hc.ru
963,Dickon,Harman,73,female,Dickon.Harman@outlook.com,Mauritius,csrlbs.com
964,Roberta,Brailsford,48,female,Roberta.Brailsford@me.com,Serbia,pplive.com
965,Mavis,Beamont,44,female,Mavis.Beamont@charter.net,Palau,servesharp.net
966,Enid,Witting,65,male,Enid.Witting@yahoo.com,Cameroon,vzaar.com
967,Selma,Jepson,34,male,Selma.Jepson@zonnet.nl,Ukraine,vine.co
968,Chad,Hodgson,28,male,Chad.Hodgson@facebook.com,Fiji,knowyourmeme.com
969,Zack,Midwinter,51,male,Zack.Midwinter@juno.com,Chile,htzwnl.biz
970,Heidi,Dunham,50,female,Heidi.Dunham@mail.com,Russia,armorgames.com
971,Jayne,Pollock,79,female,Jayne.Pollock@comcast.net,Turkey,pixiv.net
972,Drew,Goodson,64,male,Drew.Goodson@arcor.de,Iran,xosominhngoc.com
973,Leisha,Bennett,46,female,Leisha.Bennett@yahoo.co.uk,Zambia,syncstatsdata.com
974,Natalie,Thirdkill,49,female,Natalie.Thirdkill@bigpond.net.au,Saint Vincent and the Grenadines,dailyofferservice.com
975,Tim,Laughton,20,female,Tim.Laughton@facebook.com,Curacao,delta.com
976,Persis,Welchman,45,female,Persis.Welchman@centurytel.net,Lithuania,textme-app.com
977,Rufus,King,38,male,Rufus.King@rediffmail.com,Syria,gettyimages.com
978,Jason,Godfrey,46,male,Jason.Godfrey@telenet.be,Palestinian Territories,tecmarketing.com
979,Winnie,Robertshaw,79,female,Winnie.Robertshaw@live.co.uk,South Sudan,plaync.com
980,Chadwick,Haley,44,female,Chadwick.Haley@hotmail.it,Kosovo,dha.com.tr
981,Talitha,Beavers,26,female,Talitha.Beavers@mac.com,Cameroon,hamburgdeclaration.org
982,Abby,Dowd,24,female,Abby.Dowd@yahoo.it,Malta,brightroll.com
983,Jenny,Conly,53,male,Jenny.Conly@virgilio.it,Bolivia,digitalinsight.com
984,Pete,Massey,37,female,Pete.Massey@ig.com.br,Ethiopia,voxel.net
985,Rodger,Twelvetrees,31,female,Rodger.Twelvetrees@gmx.de,San Marino,medicarenoticedeal.me
986,Eileen,Bull,52,female,Eileen.Bull@voila.fr,Cuba,guardianapis.com
987,Elbert,Curren,55,female,Elbert.Curren@home.nl,Ethiopia,broadage.com
988,Carol,Dewell,38,male,Carol.Dewell@aim.com,Marshall Islands,shopop.me
989,Charmaine,Trollope,39,male,Charmaine.Trollope@yahoo.com.ar,France,uvnimg.com
990,Hudson,Lukis,45,female,Hudson.Lukis@yahoo.com.sg,Ukraine,inspectlet.com
991,Mildred,Hood,64,female,Mildred.Hood@yahoo.it,Swaziland,uzmantv.com
992,Danna,Bott,46,male,Danna.Bott@live.ca,Bulgaria,chotot.vn
993,Julian,Jacklin,44,female,Julian.Jacklin@bol.com.br,North Korea,nutrend.com
994,Edna,Spooner,38,female,Edna.Spooner@live.it,Armenia,cdndelivery.com
995,Judith,O'Dell,21,female,Judith.O'Dell@home.nl,Equatorial Guinea,moovweb.net
996,Vincent,Throsby,46,male,Vincent.Throsby@hotmail.de,Dominica,timberland.com
997,Buck,Bawden,59,female,Buck.Bawden@alice.it,Malawi,l1o0l11lo11011o.com
998,Lawrence,Green,76,male,Lawrence.Green@rocketmail.com,Germany,foreignpolicy.com
999,Anthony,Buckley,41,male,Anthony.Buckley@yahoo.com.ar,Kuwait,popoholic.com
1000,Audrey,Haseltine,66,female,Audrey.Haseltine@arcor.de,Mauritania,nhncorp.jp
